dataset_id,query_id,chunk_strategy,search_method,top_k,answer,cited_memory_ids,citation_correctness,unsupported_answer,end_to_end_latency_ms
synthetic-life-memories-v1,q_school_graduation,256,alias,3,검색 결과가 정답 기억을 뒷받침하지 못했습니다.,eval_school_entrance,0.0000,1,1.6926
synthetic-life-memories-v1,q_school_graduation,256,alias,5,검색 결과가 정답 기억을 뒷받침하지 못했습니다.,eval_school_entrance,0.0000,1,1.6919
synthetic-life-memories-v1,q_school_graduation,256,alias,10,검색 결과가 정답 기억을 뒷받침하지 못했습니다.,eval_school_entrance,0.0000,1,1.6900
synthetic-life-memories-v1,q_first_work,256,alias,3,검색된 합성 기억을 근거로 답변했습니다.,eval_first_job,1.0000,0,1.0513
synthetic-life-memories-v1,q_first_work,256,alias,5,검색된 합성 기억을 근거로 답변했습니다.,eval_first_job,1.0000,0,1.0504
synthetic-life-memories-v1,q_first_work,256,alias,10,검색된 합성 기억을 근거로 답변했습니다.,eval_first_job,1.0000,0,1.0503
synthetic-life-memories-v1,q_seaside,256,alias,3,검색된 합성 기억을 근거로 답변했습니다.,eval_beach_trip,1.0000,0,0.8753
synthetic-life-memories-v1,q_seaside,256,alias,5,검색된 합성 기억을 근거로 답변했습니다.,eval_beach_trip,1.0000,0,0.8749
synthetic-life-memories-v1,q_seaside,256,alias,10,검색된 합성 기억을 근거로 답변했습니다.,eval_beach_trip,1.0000,0,0.8750
synthetic-life-memories-v1,q_relocation,256,alias,3,검색된 합성 기억을 근거로 답변했습니다.,eval_house_move,1.0000,0,0.6805
synthetic-life-memories-v1,q_relocation,256,alias,5,검색된 합성 기억을 근거로 답변했습니다.,eval_house_move,1.0000,0,0.6803
synthetic-life-memories-v1,q_relocation,256,alias,10,검색된 합성 기억을 근거로 답변했습니다.,eval_house_move,1.0000,0,0.6803
synthetic-life-memories-v1,q_library,256,alias,3,검색된 합성 기억을 근거로 답변했습니다.,eval_volunteer_library,1.0000,0,0.5513
synthetic-life-memories-v1,q_library,256,alias,5,검색된 합성 기억을 근거로 답변했습니다.,eval_volunteer_library,1.0000,0,0.5511
synthetic-life-memories-v1,q_library,256,alias,10,검색된 합성 기억을 근거로 답변했습니다.,eval_volunteer_library,1.0000,0,0.5510
synthetic-life-memories-v1,q_programming,256,alias,3,검색 결과가 정답 기억을 뒷받침하지 못했습니다.,eval_volunteer_library,0.0000,1,0.5058
synthetic-life-memories-v1,q_programming,256,alias,5,검색 결과가 정답 기억을 뒷받침하지 못했습니다.,eval_volunteer_library,0.0000,1,0.5056
synthetic-life-memories-v1,q_programming,256,alias,10,검색 결과가 정답 기억을 뒷받침하지 못했습니다.,eval_volunteer_library,0.0000,1,0.5056
synthetic-life-memories-v1,q_gardening,256,alias,3,검색된 합성 기억을 근거로 답변했습니다.,eval_garden_project,1.0000,0,0.4869
synthetic-life-memories-v1,q_gardening,256,alias,5,검색된 합성 기억을 근거로 답변했습니다.,eval_garden_project,1.0000,0,0.4867
synthetic-life-memories-v1,q_gardening,256,alias,10,검색된 합성 기억을 근거로 답변했습니다.,eval_garden_project,1.0000,0,0.4867
synthetic-life-memories-v1,q_running,256,alias,3,검색된 합성 기억을 근거로 답변했습니다.,eval_running_event,1.0000,0,0.5087
synthetic-life-memories-v1,q_running,256,alias,5,검색된 합성 기억을 근거로 답변했습니다.,eval_running_event,1.0000,0,0.5085
synthetic-life-memories-v1,q_running,256,alias,10,검색된 합성 기억을 근거로 답변했습니다.,eval_running_event,1.0000,0,0.5085
synthetic-life-memories-v1,q_school_graduation,256,mmr,3,검색 결과가 정답 기억을 뒷받침하지 못했습니다.,eval_school_entrance,0.0000,1,2.6462
synthetic-life-memories-v1,q_school_graduation,256,mmr,5,검색 결과가 정답 기억을 뒷받침하지 못했습니다.,eval_school_entrance,0.0000,1,2.6459
synthetic-life-memories-v1,q_school_graduation,256,mmr,10,검색 결과가 정답 기억을 뒷받침하지 못했습니다.,eval_school_entrance,0.0000,1,2.6459
synthetic-life-memories-v1,q_first_work,256,mmr,3,검색된 합성 기억을 근거로 답변했습니다.,eval_first_job,1.0000,0,2.5870
synthetic-life-memories-v1,q_first_work,256,mmr,5,검색된 합성 기억을 근거로 답변했습니다.,eval_first_job,1.0000,0,2.5868
synthetic-life-memories-v1,q_first_work,256,mmr,10,검색된 합성 기억을 근거로 답변했습니다.,eval_first_job,1.0000,0,2.5867
synthetic-life-memories-v1,q_seaside,256,mmr,3,검색된 합성 기억을 근거로 답변했습니다.,eval_beach_trip,1.0000,0,3.1095
synthetic-life-memories-v1,q_seaside,256,mmr,5,검색된 합성 기억을 근거로 답변했습니다.,eval_beach_trip,1.0000,0,3.1088
synthetic-life-memories-v1,q_seaside,256,mmr,10,검색된 합성 기억을 근거로 답변했습니다.,eval_beach_trip,1.0000,0,3.1087
synthetic-life-memories-v1,q_relocation,256,mmr,3,검색된 합성 기억을 근거로 답변했습니다.,eval_house_move,1.0000,0,2.5517
synthetic-life-memories-v1,q_relocation,256,mmr,5,검색된 합성 기억을 근거로 답변했습니다.,eval_house_move,1.0000,0,2.5514
synthetic-life-memories-v1,q_relocation,256,mmr,10,검색된 합성 기억을 근거로 답변했습니다.,eval_house_move,1.0000,0,2.5513
synthetic-life-memories-v1,q_library,256,mmr,3,검색된 합성 기억을 근거로 답변했습니다.,eval_volunteer_library,1.0000,0,2.5261
synthetic-life-memories-v1,q_library,256,mmr,5,검색된 합성 기억을 근거로 답변했습니다.,eval_volunteer_library,1.0000,0,2.5258
synthetic-life-memories-v1,q_library,256,mmr,10,검색된 합성 기억을 근거로 답변했습니다.,eval_volunteer_library,1.0000,0,2.5258
synthetic-life-memories-v1,q_programming,256,mmr,3,검색 결과가 정답 기억을 뒷받침하지 못했습니다.,eval_volunteer_library,0.0000,1,2.5007
synthetic-life-memories-v1,q_programming,256,mmr,5,검색 결과가 정답 기억을 뒷받침하지 못했습니다.,eval_volunteer_library,0.0000,1,2.5004
synthetic-life-memories-v1,q_programming,256,mmr,10,검색 결과가 정답 기억을 뒷받침하지 못했습니다.,eval_volunteer_library,0.0000,1,2.5004
synthetic-life-memories-v1,q_gardening,256,mmr,3,검색된 합성 기억을 근거로 답변했습니다.,eval_garden_project,1.0000,0,2.5667
synthetic-life-memories-v1,q_gardening,256,mmr,5,검색된 합성 기억을 근거로 답변했습니다.,eval_garden_project,1.0000,0,2.5664
synthetic-life-memories-v1,q_gardening,256,mmr,10,검색된 합성 기억을 근거로 답변했습니다.,eval_garden_project,1.0000,0,2.5663
synthetic-life-memories-v1,q_running,256,mmr,3,검색된 합성 기억을 근거로 답변했습니다.,eval_running_event,1.0000,0,2.4889
synthetic-life-memories-v1,q_running,256,mmr,5,검색된 합성 기억을 근거로 답변했습니다.,eval_running_event,1.0000,0,2.4886
synthetic-life-memories-v1,q_running,256,mmr,10,검색된 합성 기억을 근거로 답변했습니다.,eval_running_event,1.0000,0,2.4886
synthetic-life-memories-v1,q_school_graduation,256,bm25,3,검색 결과가 정답 기억을 뒷받침하지 못했습니다.,eval_school_entrance,0.0000,1,1.1111
synthetic-life-memories-v1,q_school_graduation,256,bm25,5,검색 결과가 정답 기억을 뒷받침하지 못했습니다.,eval_school_entrance,0.0000,1,1.1107
synthetic-life-memories-v1,q_school_graduation,256,bm25,10,검색 결과가 정답 기억을 뒷받침하지 못했습니다.,eval_school_entrance,0.0000,1,1.1106
synthetic-life-memories-v1,q_first_work,256,bm25,3,검색 결과가 정답 기억을 뒷받침하지 못했습니다.,eval_volunteer_library,0.0000,1,0.9610
synthetic-life-memories-v1,q_first_work,256,bm25,5,검색 결과가 정답 기억을 뒷받침하지 못했습니다.,eval_volunteer_library,0.0000,1,0.9608
synthetic-life-memories-v1,q_first_work,256,bm25,10,검색 결과가 정답 기억을 뒷받침하지 못했습니다.,eval_volunteer_library,0.0000,1,0.9607
synthetic-life-memories-v1,q_seaside,256,bm25,3,검색된 합성 기억을 근거로 답변했습니다.,eval_beach_trip,1.0000,0,0.8271
synthetic-life-memories-v1,q_seaside,256,bm25,5,검색된 합성 기억을 근거로 답변했습니다.,eval_beach_trip,1.0000,0,0.8267
synthetic-life-memories-v1,q_seaside,256,bm25,10,검색된 합성 기억을 근거로 답변했습니다.,eval_beach_trip,1.0000,0,0.8267
synthetic-life-memories-v1,q_relocation,256,bm25,3,검색된 합성 기억을 근거로 답변했습니다.,eval_house_move,1.0000,0,0.8194
synthetic-life-memories-v1,q_relocation,256,bm25,5,검색된 합성 기억을 근거로 답변했습니다.,eval_house_move,1.0000,0,0.8193
synthetic-life-memories-v1,q_relocation,256,bm25,10,검색된 합성 기억을 근거로 답변했습니다.,eval_house_move,1.0000,0,0.8192
synthetic-life-memories-v1,q_library,256,bm25,3,검색된 합성 기억을 근거로 답변했습니다.,eval_volunteer_library,1.0000,0,0.8122
synthetic-life-memories-v1,q_library,256,bm25,5,검색된 합성 기억을 근거로 답변했습니다.,eval_volunteer_library,1.0000,0,0.8121
synthetic-life-memories-v1,q_library,256,bm25,10,검색된 합성 기억을 근거로 답변했습니다.,eval_volunteer_library,1.0000,0,0.8121
synthetic-life-memories-v1,q_programming,256,bm25,3,검색 결과가 정답 기억을 뒷받침하지 못했습니다.,eval_first_job,0.0000,1,0.8192
synthetic-life-memories-v1,q_programming,256,bm25,5,검색 결과가 정답 기억을 뒷받침하지 못했습니다.,eval_first_job,0.0000,1,0.8190
synthetic-life-memories-v1,q_programming,256,bm25,10,검색 결과가 정답 기억을 뒷받침하지 못했습니다.,eval_first_job,0.0000,1,0.8190
synthetic-life-memories-v1,q_gardening,256,bm25,3,검색된 합성 기억을 근거로 답변했습니다.,eval_garden_project,1.0000,0,0.8423
synthetic-life-memories-v1,q_gardening,256,bm25,5,검색된 합성 기억을 근거로 답변했습니다.,eval_garden_project,1.0000,0,0.8421
synthetic-life-memories-v1,q_gardening,256,bm25,10,검색된 합성 기억을 근거로 답변했습니다.,eval_garden_project,1.0000,0,0.8421
synthetic-life-memories-v1,q_running,256,bm25,3,검색된 합성 기억을 근거로 답변했습니다.,eval_running_event,1.0000,0,0.7875
synthetic-life-memories-v1,q_running,256,bm25,5,검색된 합성 기억을 근거로 답변했습니다.,eval_running_event,1.0000,0,0.7874
synthetic-life-memories-v1,q_running,256,bm25,10,검색된 합성 기억을 근거로 답변했습니다.,eval_running_event,1.0000,0,0.7873
synthetic-life-memories-v1,q_school_graduation,256,hybrid,3,검색 결과가 정답 기억을 뒷받침하지 못했습니다.,eval_school_entrance,0.0000,1,1.3665
synthetic-life-memories-v1,q_school_graduation,256,hybrid,5,검색 결과가 정답 기억을 뒷받침하지 못했습니다.,eval_school_entrance,0.0000,1,1.3661
synthetic-life-memories-v1,q_school_graduation,256,hybrid,10,검색 결과가 정답 기억을 뒷받침하지 못했습니다.,eval_school_entrance,0.0000,1,1.3661
synthetic-life-memories-v1,q_first_work,256,hybrid,3,검색 결과가 정답 기억을 뒷받침하지 못했습니다.,eval_volunteer_library,0.0000,1,1.5916
synthetic-life-memories-v1,q_first_work,256,hybrid,5,검색 결과가 정답 기억을 뒷받침하지 못했습니다.,eval_volunteer_library,0.0000,1,1.5913
synthetic-life-memories-v1,q_first_work,256,hybrid,10,검색 결과가 정답 기억을 뒷받침하지 못했습니다.,eval_volunteer_library,0.0000,1,1.5912
synthetic-life-memories-v1,q_seaside,256,hybrid,3,검색된 합성 기억을 근거로 답변했습니다.,eval_beach_trip,1.0000,0,1.3654
synthetic-life-memories-v1,q_seaside,256,hybrid,5,검색된 합성 기억을 근거로 답변했습니다.,eval_beach_trip,1.0000,0,1.3651
synthetic-life-memories-v1,q_seaside,256,hybrid,10,검색된 합성 기억을 근거로 답변했습니다.,eval_beach_trip,1.0000,0,1.3651
synthetic-life-memories-v1,q_relocation,256,hybrid,3,검색된 합성 기억을 근거로 답변했습니다.,eval_house_move,1.0000,0,1.3314
synthetic-life-memories-v1,q_relocation,256,hybrid,5,검색된 합성 기억을 근거로 답변했습니다.,eval_house_move,1.0000,0,1.3311
synthetic-life-memories-v1,q_relocation,256,hybrid,10,검색된 합성 기억을 근거로 답변했습니다.,eval_house_move,1.0000,0,1.3310
synthetic-life-memories-v1,q_library,256,hybrid,3,검색된 합성 기억을 근거로 답변했습니다.,eval_volunteer_library,1.0000,0,1.2985
synthetic-life-memories-v1,q_library,256,hybrid,5,검색된 합성 기억을 근거로 답변했습니다.,eval_volunteer_library,1.0000,0,1.2983
synthetic-life-memories-v1,q_library,256,hybrid,10,검색된 합성 기억을 근거로 답변했습니다.,eval_volunteer_library,1.0000,0,1.2982
synthetic-life-memories-v1,q_programming,256,hybrid,3,검색 결과가 정답 기억을 뒷받침하지 못했습니다.,eval_first_job,0.0000,1,1.3330
synthetic-life-memories-v1,q_programming,256,hybrid,5,검색 결과가 정답 기억을 뒷받침하지 못했습니다.,eval_first_job,0.0000,1,1.3327
synthetic-life-memories-v1,q_programming,256,hybrid,10,검색 결과가 정답 기억을 뒷받침하지 못했습니다.,eval_first_job,0.0000,1,1.3327
synthetic-life-memories-v1,q_gardening,256,hybrid,3,검색된 합성 기억을 근거로 답변했습니다.,eval_garden_project,1.0000,0,1.4216
synthetic-life-memories-v1,q_gardening,256,hybrid,5,검색된 합성 기억을 근거로 답변했습니다.,eval_garden_project,1.0000,0,1.4208
synthetic-life-memories-v1,q_gardening,256,hybrid,10,검색된 합성 기억을 근거로 답변했습니다.,eval_garden_project,1.0000,0,1.4205
synthetic-life-memories-v1,q_running,256,hybrid,3,검색된 합성 기억을 근거로 답변했습니다.,eval_running_event,1.0000,0,1.5555
synthetic-life-memories-v1,q_running,256,hybrid,5,검색된 합성 기억을 근거로 답변했습니다.,eval_running_event,1.0000,0,1.5548
synthetic-life-memories-v1,q_running,256,hybrid,10,검색된 합성 기억을 근거로 답변했습니다.,eval_running_event,1.0000,0,1.5546
synthetic-life-memories-v1,q_school_graduation,512,alias,3,검색 결과가 정답 기억을 뒷받침하지 못했습니다.,eval_first_job,0.0000,1,0.4981
synthetic-life-memories-v1,q_school_graduation,512,alias,5,검색 결과가 정답 기억을 뒷받침하지 못했습니다.,eval_first_job,0.0000,1,0.4977
synthetic-life-memories-v1,q_school_graduation,512,alias,10,검색 결과가 정답 기억을 뒷받침하지 못했습니다.,eval_first_job,0.0000,1,0.4977
synthetic-life-memories-v1,q_first_work,512,alias,3,검색된 합성 기억을 근거로 답변했습니다.,eval_first_job,1.0000,0,0.4752
synthetic-life-memories-v1,q_first_work,512,alias,5,검색된 합성 기억을 근거로 답변했습니다.,eval_first_job,1.0000,0,0.4750
synthetic-life-memories-v1,q_first_work,512,alias,10,검색된 합성 기억을 근거로 답변했습니다.,eval_first_job,1.0000,0,0.4749
synthetic-life-memories-v1,q_seaside,512,alias,3,검색된 합성 기억을 근거로 답변했습니다.,eval_beach_trip,1.0000,0,0.4515
synthetic-life-memories-v1,q_seaside,512,alias,5,검색된 합성 기억을 근거로 답변했습니다.,eval_beach_trip,1.0000,0,0.4514
synthetic-life-memories-v1,q_seaside,512,alias,10,검색된 합성 기억을 근거로 답변했습니다.,eval_beach_trip,1.0000,0,0.4513
synthetic-life-memories-v1,q_relocation,512,alias,3,검색 결과가 정답 기억을 뒷받침하지 못했습니다.,eval_beach_trip,0.0000,1,0.4643
synthetic-life-memories-v1,q_relocation,512,alias,5,검색 결과가 정답 기억을 뒷받침하지 못했습니다.,eval_beach_trip,0.0000,1,0.4642
synthetic-life-memories-v1,q_relocation,512,alias,10,검색 결과가 정답 기억을 뒷받침하지 못했습니다.,eval_beach_trip,0.0000,1,0.4642
synthetic-life-memories-v1,q_library,512,alias,3,검색 결과가 정답 기억을 뒷받침하지 못했습니다.,eval_garden_project,0.0000,1,0.4331
synthetic-life-memories-v1,q_library,512,alias,5,검색 결과가 정답 기억을 뒷받침하지 못했습니다.,eval_garden_project,0.0000,1,0.4330
synthetic-life-memories-v1,q_library,512,alias,10,검색 결과가 정답 기억을 뒷받침하지 못했습니다.,eval_garden_project,0.0000,1,0.4329
synthetic-life-memories-v1,q_programming,512,alias,3,검색 결과가 정답 기억을 뒷받침하지 못했습니다.,eval_garden_project,0.0000,1,0.4493
synthetic-life-memories-v1,q_programming,512,alias,5,검색 결과가 정답 기억을 뒷받침하지 못했습니다.,eval_garden_project,0.0000,1,0.4492
synthetic-life-memories-v1,q_programming,512,alias,10,검색 결과가 정답 기억을 뒷받침하지 못했습니다.,eval_garden_project,0.0000,1,0.4493
synthetic-life-memories-v1,q_gardening,512,alias,3,검색된 합성 기억을 근거로 답변했습니다.,eval_garden_project,1.0000,0,0.4290
synthetic-life-memories-v1,q_gardening,512,alias,5,검색된 합성 기억을 근거로 답변했습니다.,eval_garden_project,1.0000,0,0.4288
synthetic-life-memories-v1,q_gardening,512,alias,10,검색된 합성 기억을 근거로 답변했습니다.,eval_garden_project,1.0000,0,0.4287
synthetic-life-memories-v1,q_running,512,alias,3,검색된 합성 기억을 근거로 답변했습니다.,eval_running_event,1.0000,0,0.4398
synthetic-life-memories-v1,q_running,512,alias,5,검색된 합성 기억을 근거로 답변했습니다.,eval_running_event,1.0000,0,0.4396
synthetic-life-memories-v1,q_running,512,alias,10,검색된 합성 기억을 근거로 답변했습니다.,eval_running_event,1.0000,0,0.4396
synthetic-life-memories-v1,q_school_graduation,512,mmr,3,검색 결과가 정답 기억을 뒷받침하지 못했습니다.,eval_first_job,0.0000,1,1.0907
synthetic-life-memories-v1,q_school_graduation,512,mmr,5,검색 결과가 정답 기억을 뒷받침하지 못했습니다.,eval_first_job,0.0000,1,1.0904
synthetic-life-memories-v1,q_school_graduation,512,mmr,10,검색 결과가 정답 기억을 뒷받침하지 못했습니다.,eval_first_job,0.0000,1,1.0904
synthetic-life-memories-v1,q_first_work,512,mmr,3,검색된 합성 기억을 근거로 답변했습니다.,eval_first_job,1.0000,0,1.0643
synthetic-life-memories-v1,q_first_work,512,mmr,5,검색된 합성 기억을 근거로 답변했습니다.,eval_first_job,1.0000,0,1.0641
synthetic-life-memories-v1,q_first_work,512,mmr,10,검색된 합성 기억을 근거로 답변했습니다.,eval_first_job,1.0000,0,1.0641
synthetic-life-memories-v1,q_seaside,512,mmr,3,검색된 합성 기억을 근거로 답변했습니다.,eval_beach_trip,1.0000,0,1.0643
synthetic-life-memories-v1,q_seaside,512,mmr,5,검색된 합성 기억을 근거로 답변했습니다.,eval_beach_trip,1.0000,0,1.0642
synthetic-life-memories-v1,q_seaside,512,mmr,10,검색된 합성 기억을 근거로 답변했습니다.,eval_beach_trip,1.0000,0,1.0642
synthetic-life-memories-v1,q_relocation,512,mmr,3,검색 결과가 정답 기억을 뒷받침하지 못했습니다.,eval_beach_trip,0.0000,1,1.0646
synthetic-life-memories-v1,q_relocation,512,mmr,5,검색 결과가 정답 기억을 뒷받침하지 못했습니다.,eval_beach_trip,0.0000,1,1.0645
synthetic-life-memories-v1,q_relocation,512,mmr,10,검색 결과가 정답 기억을 뒷받침하지 못했습니다.,eval_beach_trip,0.0000,1,1.0646
synthetic-life-memories-v1,q_library,512,mmr,3,검색 결과가 정답 기억을 뒷받침하지 못했습니다.,eval_garden_project,0.0000,1,1.0581
synthetic-life-memories-v1,q_library,512,mmr,5,검색 결과가 정답 기억을 뒷받침하지 못했습니다.,eval_garden_project,0.0000,1,1.0581
synthetic-life-memories-v1,q_library,512,mmr,10,검색 결과가 정답 기억을 뒷받침하지 못했습니다.,eval_garden_project,0.0000,1,1.0580
synthetic-life-memories-v1,q_programming,512,mmr,3,검색 결과가 정답 기억을 뒷받침하지 못했습니다.,eval_garden_project,0.0000,1,1.0395
synthetic-life-memories-v1,q_programming,512,mmr,5,검색 결과가 정답 기억을 뒷받침하지 못했습니다.,eval_garden_project,0.0000,1,1.0394
synthetic-life-memories-v1,q_programming,512,mmr,10,검색 결과가 정답 기억을 뒷받침하지 못했습니다.,eval_garden_project,0.0000,1,1.0393
synthetic-life-memories-v1,q_gardening,512,mmr,3,검색된 합성 기억을 근거로 답변했습니다.,eval_garden_project,1.0000,0,1.0588
synthetic-life-memories-v1,q_gardening,512,mmr,5,검색된 합성 기억을 근거로 답변했습니다.,eval_garden_project,1.0000,0,1.0587
synthetic-life-memories-v1,q_gardening,512,mmr,10,검색된 합성 기억을 근거로 답변했습니다.,eval_garden_project,1.0000,0,1.0587
synthetic-life-memories-v1,q_running,512,mmr,3,검색된 합성 기억을 근거로 답변했습니다.,eval_running_event,1.0000,0,1.0505
synthetic-life-memories-v1,q_running,512,mmr,5,검색된 합성 기억을 근거로 답변했습니다.,eval_running_event,1.0000,0,1.0504
synthetic-life-memories-v1,q_running,512,mmr,10,검색된 합성 기억을 근거로 답변했습니다.,eval_running_event,1.0000,0,1.0503
synthetic-life-memories-v1,q_school_graduation,512,bm25,3,검색 결과가 정답 기억을 뒷받침하지 못했습니다.,eval_first_job,0.0000,1,0.8189
synthetic-life-memories-v1,q_school_graduation,512,bm25,5,검색 결과가 정답 기억을 뒷받침하지 못했습니다.,eval_first_job,0.0000,1,0.8186
synthetic-life-memories-v1,q_school_graduation,512,bm25,10,검색 결과가 정답 기억을 뒷받침하지 못했습니다.,eval_first_job,0.0000,1,0.8187
synthetic-life-memories-v1,q_first_work,512,bm25,3,검색 결과가 정답 기억을 뒷받침하지 못했습니다.,eval_garden_project,0.0000,1,0.7898
synthetic-life-memories-v1,q_first_work,512,bm25,5,검색 결과가 정답 기억을 뒷받침하지 못했습니다.,eval_garden_project,0.0000,1,0.7897
synthetic-life-memories-v1,q_first_work,512,bm25,10,검색 결과가 정답 기억을 뒷받침하지 못했습니다.,eval_garden_project,0.0000,1,0.7896
synthetic-life-memories-v1,q_seaside,512,bm25,3,검색된 합성 기억을 근거로 답변했습니다.,eval_beach_trip,1.0000,0,1.6208
synthetic-life-memories-v1,q_seaside,512,bm25,5,검색된 합성 기억을 근거로 답변했습니다.,eval_beach_trip,1.0000,0,1.6202
synthetic-life-memories-v1,q_seaside,512,bm25,10,검색된 합성 기억을 근거로 답변했습니다.,eval_beach_trip,1.0000,0,1.6199
synthetic-life-memories-v1,q_relocation,512,bm25,3,검색 결과가 정답 기억을 뒷받침하지 못했습니다.,eval_beach_trip,0.0000,1,2.4146
synthetic-life-memories-v1,q_relocation,512,bm25,5,검색 결과가 정답 기억을 뒷받침하지 못했습니다.,eval_beach_trip,0.0000,1,2.4128
synthetic-life-memories-v1,q_relocation,512,bm25,10,검색 결과가 정답 기억을 뒷받침하지 못했습니다.,eval_beach_trip,0.0000,1,2.4124
synthetic-life-memories-v1,q_library,512,bm25,3,검색 결과가 정답 기억을 뒷받침하지 못했습니다.,eval_garden_project,0.0000,1,1.4155
synthetic-life-memories-v1,q_library,512,bm25,5,검색 결과가 정답 기억을 뒷받침하지 못했습니다.,eval_garden_project,0.0000,1,1.4149
synthetic-life-memories-v1,q_library,512,bm25,10,검색 결과가 정답 기억을 뒷받침하지 못했습니다.,eval_garden_project,0.0000,1,1.4149
synthetic-life-memories-v1,q_programming,512,bm25,3,검색 결과가 정답 기억을 뒷받침하지 못했습니다.,eval_garden_project,0.0000,1,0.8395
synthetic-life-memories-v1,q_programming,512,bm25,5,검색 결과가 정답 기억을 뒷받침하지 못했습니다.,eval_garden_project,0.0000,1,0.8394
synthetic-life-memories-v1,q_programming,512,bm25,10,검색 결과가 정답 기억을 뒷받침하지 못했습니다.,eval_garden_project,0.0000,1,0.8394
synthetic-life-memories-v1,q_gardening,512,bm25,3,검색된 합성 기억을 근거로 답변했습니다.,eval_garden_project,1.0000,0,0.8289
synthetic-life-memories-v1,q_gardening,512,bm25,5,검색된 합성 기억을 근거로 답변했습니다.,eval_garden_project,1.0000,0,0.8288
synthetic-life-memories-v1,q_gardening,512,bm25,10,검색된 합성 기억을 근거로 답변했습니다.,eval_garden_project,1.0000,0,0.8287
synthetic-life-memories-v1,q_running,512,bm25,3,검색된 합성 기억을 근거로 답변했습니다.,eval_running_event,1.0000,0,0.7667
synthetic-life-memories-v1,q_running,512,bm25,5,검색된 합성 기억을 근거로 답변했습니다.,eval_running_event,1.0000,0,0.7667
synthetic-life-memories-v1,q_running,512,bm25,10,검색된 합성 기억을 근거로 답변했습니다.,eval_running_event,1.0000,0,0.7665
synthetic-life-memories-v1,q_school_graduation,512,hybrid,3,검색 결과가 정답 기억을 뒷받침하지 못했습니다.,eval_first_job,0.0000,1,1.3306
synthetic-life-memories-v1,q_school_graduation,512,hybrid,5,검색 결과가 정답 기억을 뒷받침하지 못했습니다.,eval_first_job,0.0000,1,1.3302
synthetic-life-memories-v1,q_school_graduation,512,hybrid,10,검색 결과가 정답 기억을 뒷받침하지 못했습니다.,eval_first_job,0.0000,1,1.3302
synthetic-life-memories-v1,q_first_work,512,hybrid,3,검색된 합성 기억을 근거로 답변했습니다.,eval_first_job,1.0000,0,1.2528
synthetic-life-memories-v1,q_first_work,512,hybrid,5,검색된 합성 기억을 근거로 답변했습니다.,eval_first_job,1.0000,0,1.2526
synthetic-life-memories-v1,q_first_work,512,hybrid,10,검색된 합성 기억을 근거로 답변했습니다.,eval_first_job,1.0000,0,1.2526
synthetic-life-memories-v1,q_seaside,512,hybrid,3,검색된 합성 기억을 근거로 답변했습니다.,eval_beach_trip,1.0000,0,1.5877
synthetic-life-memories-v1,q_seaside,512,hybrid,5,검색된 합성 기억을 근거로 답변했습니다.,eval_beach_trip,1.0000,0,1.5869
synthetic-life-memories-v1,q_seaside,512,hybrid,10,검색된 합성 기억을 근거로 답변했습니다.,eval_beach_trip,1.0000,0,1.5867
synthetic-life-memories-v1,q_relocation,512,hybrid,3,검색 결과가 정답 기억을 뒷받침하지 못했습니다.,eval_beach_trip,0.0000,1,1.3541
synthetic-life-memories-v1,q_relocation,512,hybrid,5,검색 결과가 정답 기억을 뒷받침하지 못했습니다.,eval_beach_trip,0.0000,1,1.3539
synthetic-life-memories-v1,q_relocation,512,hybrid,10,검색 결과가 정답 기억을 뒷받침하지 못했습니다.,eval_beach_trip,0.0000,1,1.3538
synthetic-life-memories-v1,q_library,512,hybrid,3,검색 결과가 정답 기억을 뒷받침하지 못했습니다.,eval_garden_project,0.0000,1,1.2652
synthetic-life-memories-v1,q_library,512,hybrid,5,검색 결과가 정답 기억을 뒷받침하지 못했습니다.,eval_garden_project,0.0000,1,1.2650
synthetic-life-memories-v1,q_library,512,hybrid,10,검색 결과가 정답 기억을 뒷받침하지 못했습니다.,eval_garden_project,0.0000,1,1.2649
synthetic-life-memories-v1,q_programming,512,hybrid,3,검색 결과가 정답 기억을 뒷받침하지 못했습니다.,eval_garden_project,0.0000,1,1.2637
synthetic-life-memories-v1,q_programming,512,hybrid,5,검색 결과가 정답 기억을 뒷받침하지 못했습니다.,eval_garden_project,0.0000,1,1.2635
synthetic-life-memories-v1,q_programming,512,hybrid,10,검색 결과가 정답 기억을 뒷받침하지 못했습니다.,eval_garden_project,0.0000,1,1.2634
synthetic-life-memories-v1,q_gardening,512,hybrid,3,검색된 합성 기억을 근거로 답변했습니다.,eval_garden_project,1.0000,0,1.5070
synthetic-life-memories-v1,q_gardening,512,hybrid,5,검색된 합성 기억을 근거로 답변했습니다.,eval_garden_project,1.0000,0,1.5063
synthetic-life-memories-v1,q_gardening,512,hybrid,10,검색된 합성 기억을 근거로 답변했습니다.,eval_garden_project,1.0000,0,1.5062
synthetic-life-memories-v1,q_running,512,hybrid,3,검색된 합성 기억을 근거로 답변했습니다.,eval_running_event,1.0000,0,1.4925
synthetic-life-memories-v1,q_running,512,hybrid,5,검색된 합성 기억을 근거로 답변했습니다.,eval_running_event,1.0000,0,1.4918
synthetic-life-memories-v1,q_running,512,hybrid,10,검색된 합성 기억을 근거로 답변했습니다.,eval_running_event,1.0000,0,1.4916
synthetic-life-memories-v1,q_school_graduation,1024,alias,3,검색 결과가 정답 기억을 뒷받침하지 못했습니다.,eval_beach_trip,0.0000,1,0.5495
synthetic-life-memories-v1,q_school_graduation,1024,alias,5,검색 결과가 정답 기억을 뒷받침하지 못했습니다.,eval_beach_trip,0.0000,1,0.5492
synthetic-life-memories-v1,q_school_graduation,1024,alias,10,검색 결과가 정답 기억을 뒷받침하지 못했습니다.,eval_beach_trip,0.0000,1,0.5491
synthetic-life-memories-v1,q_first_work,1024,alias,3,검색 결과가 정답 기억을 뒷받침하지 못했습니다.,eval_garden_project,0.0000,1,0.4320
synthetic-life-memories-v1,q_first_work,1024,alias,5,검색 결과가 정답 기억을 뒷받침하지 못했습니다.,eval_garden_project,0.0000,1,0.4319
synthetic-life-memories-v1,q_first_work,1024,alias,10,검색 결과가 정답 기억을 뒷받침하지 못했습니다.,eval_garden_project,0.0000,1,0.4319
synthetic-life-memories-v1,q_seaside,1024,alias,3,검색된 합성 기억을 근거로 답변했습니다.,eval_beach_trip,1.0000,0,0.4184
synthetic-life-memories-v1,q_seaside,1024,alias,5,검색된 합성 기억을 근거로 답변했습니다.,eval_beach_trip,1.0000,0,0.4183
synthetic-life-memories-v1,q_seaside,1024,alias,10,검색된 합성 기억을 근거로 답변했습니다.,eval_beach_trip,1.0000,0,0.4183
synthetic-life-memories-v1,q_relocation,1024,alias,3,검색 결과가 정답 기억을 뒷받침하지 못했습니다.,eval_beach_trip,0.0000,1,0.3993
synthetic-life-memories-v1,q_relocation,1024,alias,5,검색 결과가 정답 기억을 뒷받침하지 못했습니다.,eval_beach_trip,0.0000,1,0.3992
synthetic-life-memories-v1,q_relocation,1024,alias,10,검색 결과가 정답 기억을 뒷받침하지 못했습니다.,eval_beach_trip,0.0000,1,0.3991
synthetic-life-memories-v1,q_library,1024,alias,3,검색 결과가 정답 기억을 뒷받침하지 못했습니다.,eval_garden_project,0.0000,1,0.4036
synthetic-life-memories-v1,q_library,1024,alias,5,검색 결과가 정답 기억을 뒷받침하지 못했습니다.,eval_garden_project,0.0000,1,0.4034
synthetic-life-memories-v1,q_library,1024,alias,10,검색 결과가 정답 기억을 뒷받침하지 못했습니다.,eval_garden_project,0.0000,1,0.4034
synthetic-life-memories-v1,q_programming,1024,alias,3,검색 결과가 정답 기억을 뒷받침하지 못했습니다.,eval_beach_trip,0.0000,1,0.4087
synthetic-life-memories-v1,q_programming,1024,alias,5,검색 결과가 정답 기억을 뒷받침하지 못했습니다.,eval_beach_trip,0.0000,1,0.4087
synthetic-life-memories-v1,q_programming,1024,alias,10,검색 결과가 정답 기억을 뒷받침하지 못했습니다.,eval_beach_trip,0.0000,1,0.4086
synthetic-life-memories-v1,q_gardening,1024,alias,3,검색된 합성 기억을 근거로 답변했습니다.,eval_garden_project,1.0000,0,0.3979
synthetic-life-memories-v1,q_gardening,1024,alias,5,검색된 합성 기억을 근거로 답변했습니다.,eval_garden_project,1.0000,0,0.3978
synthetic-life-memories-v1,q_gardening,1024,alias,10,검색된 합성 기억을 근거로 답변했습니다.,eval_garden_project,1.0000,0,0.3978
synthetic-life-memories-v1,q_running,1024,alias,3,검색 결과가 정답 기억을 뒷받침하지 못했습니다.,eval_garden_project,0.0000,1,0.4069
synthetic-life-memories-v1,q_running,1024,alias,5,검색 결과가 정답 기억을 뒷받침하지 못했습니다.,eval_garden_project,0.0000,1,0.4069
synthetic-life-memories-v1,q_running,1024,alias,10,검색 결과가 정답 기억을 뒷받침하지 못했습니다.,eval_garden_project,0.0000,1,0.4068
synthetic-life-memories-v1,q_school_graduation,1024,mmr,3,검색 결과가 정답 기억을 뒷받침하지 못했습니다.,eval_beach_trip,0.0000,1,0.5151
synthetic-life-memories-v1,q_school_graduation,1024,mmr,5,검색 결과가 정답 기억을 뒷받침하지 못했습니다.,eval_beach_trip,0.0000,1,0.5150
synthetic-life-memories-v1,q_school_graduation,1024,mmr,10,검색 결과가 정답 기억을 뒷받침하지 못했습니다.,eval_beach_trip,0.0000,1,0.5150
synthetic-life-memories-v1,q_first_work,1024,mmr,3,검색 결과가 정답 기억을 뒷받침하지 못했습니다.,eval_garden_project,0.0000,1,0.5412
synthetic-life-memories-v1,q_first_work,1024,mmr,5,검색 결과가 정답 기억을 뒷받침하지 못했습니다.,eval_garden_project,0.0000,1,0.5411
synthetic-life-memories-v1,q_first_work,1024,mmr,10,검색 결과가 정답 기억을 뒷받침하지 못했습니다.,eval_garden_project,0.0000,1,0.5411
synthetic-life-memories-v1,q_seaside,1024,mmr,3,검색된 합성 기억을 근거로 답변했습니다.,eval_beach_trip,1.0000,0,0.5044
synthetic-life-memories-v1,q_seaside,1024,mmr,5,검색된 합성 기억을 근거로 답변했습니다.,eval_beach_trip,1.0000,0,0.5043
synthetic-life-memories-v1,q_seaside,1024,mmr,10,검색된 합성 기억을 근거로 답변했습니다.,eval_beach_trip,1.0000,0,0.5041
synthetic-life-memories-v1,q_relocation,1024,mmr,3,검색 결과가 정답 기억을 뒷받침하지 못했습니다.,eval_beach_trip,0.0000,1,0.5162
synthetic-life-memories-v1,q_relocation,1024,mmr,5,검색 결과가 정답 기억을 뒷받침하지 못했습니다.,eval_beach_trip,0.0000,1,0.5162
synthetic-life-memories-v1,q_relocation,1024,mmr,10,검색 결과가 정답 기억을 뒷받침하지 못했습니다.,eval_beach_trip,0.0000,1,0.5161
synthetic-life-memories-v1,q_library,1024,mmr,3,검색 결과가 정답 기억을 뒷받침하지 못했습니다.,eval_garden_project,0.0000,1,0.5755
synthetic-life-memories-v1,q_library,1024,mmr,5,검색 결과가 정답 기억을 뒷받침하지 못했습니다.,eval_garden_project,0.0000,1,0.5754
synthetic-life-memories-v1,q_library,1024,mmr,10,검색 결과가 정답 기억을 뒷받침하지 못했습니다.,eval_garden_project,0.0000,1,0.5755
synthetic-life-memories-v1,q_programming,1024,mmr,3,검색 결과가 정답 기억을 뒷받침하지 못했습니다.,eval_beach_trip,0.0000,1,0.5257
synthetic-life-memories-v1,q_programming,1024,mmr,5,검색 결과가 정답 기억을 뒷받침하지 못했습니다.,eval_beach_trip,0.0000,1,0.5257
synthetic-life-memories-v1,q_programming,1024,mmr,10,검색 결과가 정답 기억을 뒷받침하지 못했습니다.,eval_beach_trip,0.0000,1,0.5257
synthetic-life-memories-v1,q_gardening,1024,mmr,3,검색된 합성 기억을 근거로 답변했습니다.,eval_garden_project,1.0000,0,0.5175
synthetic-life-memories-v1,q_gardening,1024,mmr,5,검색된 합성 기억을 근거로 답변했습니다.,eval_garden_project,1.0000,0,0.5174
synthetic-life-memories-v1,q_gardening,1024,mmr,10,검색된 합성 기억을 근거로 답변했습니다.,eval_garden_project,1.0000,0,0.5174
synthetic-life-memories-v1,q_running,1024,mmr,3,검색 결과가 정답 기억을 뒷받침하지 못했습니다.,eval_garden_project,0.0000,1,0.5246
synthetic-life-memories-v1,q_running,1024,mmr,5,검색 결과가 정답 기억을 뒷받침하지 못했습니다.,eval_garden_project,0.0000,1,0.5246
synthetic-life-memories-v1,q_running,1024,mmr,10,검색 결과가 정답 기억을 뒷받침하지 못했습니다.,eval_garden_project,0.0000,1,0.5246
synthetic-life-memories-v1,q_school_graduation,1024,bm25,3,검색 결과가 정답 기억을 뒷받침하지 못했습니다.,eval_beach_trip,0.0000,1,0.8142
synthetic-life-memories-v1,q_school_graduation,1024,bm25,5,검색 결과가 정답 기억을 뒷받침하지 못했습니다.,eval_beach_trip,0.0000,1,0.8141
synthetic-life-memories-v1,q_school_graduation,1024,bm25,10,검색 결과가 정답 기억을 뒷받침하지 못했습니다.,eval_beach_trip,0.0000,1,0.8141
synthetic-life-memories-v1,q_first_work,1024,bm25,3,검색 결과가 정답 기억을 뒷받침하지 못했습니다.,eval_garden_project,0.0000,1,0.7607
synthetic-life-memories-v1,q_first_work,1024,bm25,5,검색 결과가 정답 기억을 뒷받침하지 못했습니다.,eval_garden_project,0.0000,1,0.7605
synthetic-life-memories-v1,q_first_work,1024,bm25,10,검색 결과가 정답 기억을 뒷받침하지 못했습니다.,eval_garden_project,0.0000,1,0.7606
synthetic-life-memories-v1,q_seaside,1024,bm25,3,검색된 합성 기억을 근거로 답변했습니다.,eval_beach_trip,1.0000,0,0.7400
synthetic-life-memories-v1,q_seaside,1024,bm25,5,검색된 합성 기억을 근거로 답변했습니다.,eval_beach_trip,1.0000,0,0.7399
synthetic-life-memories-v1,q_seaside,1024,bm25,10,검색된 합성 기억을 근거로 답변했습니다.,eval_beach_trip,1.0000,0,0.7399
synthetic-life-memories-v1,q_relocation,1024,bm25,3,검색 결과가 정답 기억을 뒷받침하지 못했습니다.,eval_beach_trip,0.0000,1,0.7627
synthetic-life-memories-v1,q_relocation,1024,bm25,5,검색 결과가 정답 기억을 뒷받침하지 못했습니다.,eval_beach_trip,0.0000,1,0.7626
synthetic-life-memories-v1,q_relocation,1024,bm25,10,검색 결과가 정답 기억을 뒷받침하지 못했습니다.,eval_beach_trip,0.0000,1,0.7625
synthetic-life-memories-v1,q_library,1024,bm25,3,검색 결과가 정답 기억을 뒷받침하지 못했습니다.,eval_garden_project,0.0000,1,0.7479
synthetic-life-memories-v1,q_library,1024,bm25,5,검색 결과가 정답 기억을 뒷받침하지 못했습니다.,eval_garden_project,0.0000,1,0.7479
synthetic-life-memories-v1,q_library,1024,bm25,10,검색 결과가 정답 기억을 뒷받침하지 못했습니다.,eval_garden_project,0.0000,1,0.7479
synthetic-life-memories-v1,q_programming,1024,bm25,3,검색 결과가 정답 기억을 뒷받침하지 못했습니다.,eval_garden_project,0.0000,1,0.7750
synthetic-life-memories-v1,q_programming,1024,bm25,5,검색 결과가 정답 기억을 뒷받침하지 못했습니다.,eval_garden_project,0.0000,1,0.7749
synthetic-life-memories-v1,q_programming,1024,bm25,10,검색 결과가 정답 기억을 뒷받침하지 못했습니다.,eval_garden_project,0.0000,1,0.7749
synthetic-life-memories-v1,q_gardening,1024,bm25,3,검색된 합성 기억을 근거로 답변했습니다.,eval_garden_project,1.0000,0,0.8762
synthetic-life-memories-v1,q_gardening,1024,bm25,5,검색된 합성 기억을 근거로 답변했습니다.,eval_garden_project,1.0000,0,0.8761
synthetic-life-memories-v1,q_gardening,1024,bm25,10,검색된 합성 기억을 근거로 답변했습니다.,eval_garden_project,1.0000,0,0.8761
synthetic-life-memories-v1,q_running,1024,bm25,3,검색 결과가 정답 기억을 뒷받침하지 못했습니다.,eval_garden_project,0.0000,1,0.7500
synthetic-life-memories-v1,q_running,1024,bm25,5,검색 결과가 정답 기억을 뒷받침하지 못했습니다.,eval_garden_project,0.0000,1,0.7499
synthetic-life-memories-v1,q_running,1024,bm25,10,검색 결과가 정답 기억을 뒷받침하지 못했습니다.,eval_garden_project,0.0000,1,0.7499
synthetic-life-memories-v1,q_school_graduation,1024,hybrid,3,검색 결과가 정답 기억을 뒷받침하지 못했습니다.,eval_beach_trip,0.0000,1,1.7046
synthetic-life-memories-v1,q_school_graduation,1024,hybrid,5,검색 결과가 정답 기억을 뒷받침하지 못했습니다.,eval_beach_trip,0.0000,1,1.7041
synthetic-life-memories-v1,q_school_graduation,1024,hybrid,10,검색 결과가 정답 기억을 뒷받침하지 못했습니다.,eval_beach_trip,0.0000,1,1.7039
synthetic-life-memories-v1,q_first_work,1024,hybrid,3,검색 결과가 정답 기억을 뒷받침하지 못했습니다.,eval_garden_project,0.0000,1,1.2092
synthetic-life-memories-v1,q_first_work,1024,hybrid,5,검색 결과가 정답 기억을 뒷받침하지 못했습니다.,eval_garden_project,0.0000,1,1.2090
synthetic-life-memories-v1,q_first_work,1024,hybrid,10,검색 결과가 정답 기억을 뒷받침하지 못했습니다.,eval_garden_project,0.0000,1,1.2089
synthetic-life-memories-v1,q_seaside,1024,hybrid,3,검색된 합성 기억을 근거로 답변했습니다.,eval_beach_trip,1.0000,0,1.1974
synthetic-life-memories-v1,q_seaside,1024,hybrid,5,검색된 합성 기억을 근거로 답변했습니다.,eval_beach_trip,1.0000,0,1.1971
synthetic-life-memories-v1,q_seaside,1024,hybrid,10,검색된 합성 기억을 근거로 답변했습니다.,eval_beach_trip,1.0000,0,1.1970
synthetic-life-memories-v1,q_relocation,1024,hybrid,3,검색 결과가 정답 기억을 뒷받침하지 못했습니다.,eval_beach_trip,0.0000,1,1.1721
synthetic-life-memories-v1,q_relocation,1024,hybrid,5,검색 결과가 정답 기억을 뒷받침하지 못했습니다.,eval_beach_trip,0.0000,1,1.1719
synthetic-life-memories-v1,q_relocation,1024,hybrid,10,검색 결과가 정답 기억을 뒷받침하지 못했습니다.,eval_beach_trip,0.0000,1,1.1719
synthetic-life-memories-v1,q_library,1024,hybrid,3,검색 결과가 정답 기억을 뒷받침하지 못했습니다.,eval_garden_project,0.0000,1,1.1564
synthetic-life-memories-v1,q_library,1024,hybrid,5,검색 결과가 정답 기억을 뒷받침하지 못했습니다.,eval_garden_project,0.0000,1,1.1563
synthetic-life-memories-v1,q_library,1024,hybrid,10,검색 결과가 정답 기억을 뒷받침하지 못했습니다.,eval_garden_project,0.0000,1,1.1563
synthetic-life-memories-v1,q_programming,1024,hybrid,3,검색 결과가 정답 기억을 뒷받침하지 못했습니다.,eval_beach_trip,0.0000,1,1.1812
synthetic-life-memories-v1,q_programming,1024,hybrid,5,검색 결과가 정답 기억을 뒷받침하지 못했습니다.,eval_beach_trip,0.0000,1,1.1810
synthetic-life-memories-v1,q_programming,1024,hybrid,10,검색 결과가 정답 기억을 뒷받침하지 못했습니다.,eval_beach_trip,0.0000,1,1.1810
synthetic-life-memories-v1,q_gardening,1024,hybrid,3,검색된 합성 기억을 근거로 답변했습니다.,eval_garden_project,1.0000,0,1.1759
synthetic-life-memories-v1,q_gardening,1024,hybrid,5,검색된 합성 기억을 근거로 답변했습니다.,eval_garden_project,1.0000,0,1.1757
synthetic-life-memories-v1,q_gardening,1024,hybrid,10,검색된 합성 기억을 근거로 답변했습니다.,eval_garden_project,1.0000,0,1.1756
synthetic-life-memories-v1,q_running,1024,hybrid,3,검색 결과가 정답 기억을 뒷받침하지 못했습니다.,eval_garden_project,0.0000,1,1.1520
synthetic-life-memories-v1,q_running,1024,hybrid,5,검색 결과가 정답 기억을 뒷받침하지 못했습니다.,eval_garden_project,0.0000,1,1.1518
synthetic-life-memories-v1,q_running,1024,hybrid,10,검색 결과가 정답 기억을 뒷받침하지 못했습니다.,eval_garden_project,0.0000,1,1.1518
synthetic-life-memories-v1,q_school_graduation,oracle,alias,3,검색 결과가 정답 기억을 뒷받침하지 못했습니다.,eval_school_entrance,0.0000,1,0.5571
synthetic-life-memories-v1,q_school_graduation,oracle,alias,5,검색 결과가 정답 기억을 뒷받침하지 못했습니다.,eval_school_entrance,0.0000,1,0.5569
synthetic-life-memories-v1,q_school_graduation,oracle,alias,10,검색 결과가 정답 기억을 뒷받침하지 못했습니다.,eval_school_entrance,0.0000,1,0.5569
synthetic-life-memories-v1,q_first_work,oracle,alias,3,검색 결과가 정답 기억을 뒷받침하지 못했습니다.,eval_school_entrance,0.0000,1,0.5241
synthetic-life-memories-v1,q_first_work,oracle,alias,5,검색 결과가 정답 기억을 뒷받침하지 못했습니다.,eval_school_entrance,0.0000,1,0.5240
synthetic-life-memories-v1,q_first_work,oracle,alias,10,검색 결과가 정답 기억을 뒷받침하지 못했습니다.,eval_school_entrance,0.0000,1,0.5240
synthetic-life-memories-v1,q_seaside,oracle,alias,3,검색된 합성 기억을 근거로 답변했습니다.,eval_beach_trip,1.0000,0,0.4990
synthetic-life-memories-v1,q_seaside,oracle,alias,5,검색된 합성 기억을 근거로 답변했습니다.,eval_beach_trip,1.0000,0,0.4987
synthetic-life-memories-v1,q_seaside,oracle,alias,10,검색된 합성 기억을 근거로 답변했습니다.,eval_beach_trip,1.0000,0,0.4987
synthetic-life-memories-v1,q_relocation,oracle,alias,3,검색된 합성 기억을 근거로 답변했습니다.,eval_house_move,1.0000,0,0.4970
synthetic-life-memories-v1,q_relocation,oracle,alias,5,검색된 합성 기억을 근거로 답변했습니다.,eval_house_move,1.0000,0,0.4969
synthetic-life-memories-v1,q_relocation,oracle,alias,10,검색된 합성 기억을 근거로 답변했습니다.,eval_house_move,1.0000,0,0.4968
synthetic-life-memories-v1,q_library,oracle,alias,3,검색된 합성 기억을 근거로 답변했습니다.,eval_volunteer_library,1.0000,0,0.4768
synthetic-life-memories-v1,q_library,oracle,alias,5,검색된 합성 기억을 근거로 답변했습니다.,eval_volunteer_library,1.0000,0,0.4767
synthetic-life-memories-v1,q_library,oracle,alias,10,검색된 합성 기억을 근거로 답변했습니다.,eval_volunteer_library,1.0000,0,0.4767
synthetic-life-memories-v1,q_programming,oracle,alias,3,검색된 합성 기억을 근거로 답변했습니다.,eval_online_course,1.0000,0,0.4906
synthetic-life-memories-v1,q_programming,oracle,alias,5,검색된 합성 기억을 근거로 답변했습니다.,eval_online_course,1.0000,0,0.4907
synthetic-life-memories-v1,q_programming,oracle,alias,10,검색된 합성 기억을 근거로 답변했습니다.,eval_online_course,1.0000,0,0.4906
synthetic-life-memories-v1,q_gardening,oracle,alias,3,검색된 합성 기억을 근거로 답변했습니다.,eval_garden_project,1.0000,0,0.4796
synthetic-life-memories-v1,q_gardening,oracle,alias,5,검색된 합성 기억을 근거로 답변했습니다.,eval_garden_project,1.0000,0,0.4795
synthetic-life-memories-v1,q_gardening,oracle,alias,10,검색된 합성 기억을 근거로 답변했습니다.,eval_garden_project,1.0000,0,0.4795
synthetic-life-memories-v1,q_running,oracle,alias,3,검색된 합성 기억을 근거로 답변했습니다.,eval_running_event,1.0000,0,0.4839
synthetic-life-memories-v1,q_running,oracle,alias,5,검색된 합성 기억을 근거로 답변했습니다.,eval_running_event,1.0000,0,0.4837
synthetic-life-memories-v1,q_running,oracle,alias,10,검색된 합성 기억을 근거로 답변했습니다.,eval_running_event,1.0000,0,0.4837
synthetic-life-memories-v1,q_school_graduation,oracle,mmr,3,검색 결과가 정답 기억을 뒷받침하지 못했습니다.,eval_school_entrance,0.0000,1,11.8992
synthetic-life-memories-v1,q_school_graduation,oracle,mmr,5,검색 결과가 정답 기억을 뒷받침하지 못했습니다.,eval_school_entrance,0.0000,1,11.8985
synthetic-life-memories-v1,q_school_graduation,oracle,mmr,10,검색 결과가 정답 기억을 뒷받침하지 못했습니다.,eval_school_entrance,0.0000,1,11.8983
synthetic-life-memories-v1,q_first_work,oracle,mmr,3,검색 결과가 정답 기억을 뒷받침하지 못했습니다.,eval_school_entrance,0.0000,1,12.2615
synthetic-life-memories-v1,q_first_work,oracle,mmr,5,검색 결과가 정답 기억을 뒷받침하지 못했습니다.,eval_school_entrance,0.0000,1,12.2604
synthetic-life-memories-v1,q_first_work,oracle,mmr,10,검색 결과가 정답 기억을 뒷받침하지 못했습니다.,eval_school_entrance,0.0000,1,12.2601
synthetic-life-memories-v1,q_seaside,oracle,mmr,3,검색된 합성 기억을 근거로 답변했습니다.,eval_beach_trip,1.0000,0,10.6413
synthetic-life-memories-v1,q_seaside,oracle,mmr,5,검색된 합성 기억을 근거로 답변했습니다.,eval_beach_trip,1.0000,0,10.6402
synthetic-life-memories-v1,q_seaside,oracle,mmr,10,검색된 합성 기억을 근거로 답변했습니다.,eval_beach_trip,1.0000,0,10.6401
synthetic-life-memories-v1,q_relocation,oracle,mmr,3,검색된 합성 기억을 근거로 답변했습니다.,eval_house_move,1.0000,0,7.4557
synthetic-life-memories-v1,q_relocation,oracle,mmr,5,검색된 합성 기억을 근거로 답변했습니다.,eval_house_move,1.0000,0,7.4549
synthetic-life-memories-v1,q_relocation,oracle,mmr,10,검색된 합성 기억을 근거로 답변했습니다.,eval_house_move,1.0000,0,7.4547
synthetic-life-memories-v1,q_library,oracle,mmr,3,검색된 합성 기억을 근거로 답변했습니다.,eval_volunteer_library,1.0000,0,6.2430
synthetic-life-memories-v1,q_library,oracle,mmr,5,검색된 합성 기억을 근거로 답변했습니다.,eval_volunteer_library,1.0000,0,6.2426
synthetic-life-memories-v1,q_library,oracle,mmr,10,검색된 합성 기억을 근거로 답변했습니다.,eval_volunteer_library,1.0000,0,6.2426
synthetic-life-memories-v1,q_programming,oracle,mmr,3,검색된 합성 기억을 근거로 답변했습니다.,eval_online_course,1.0000,0,6.4884
synthetic-life-memories-v1,q_programming,oracle,mmr,5,검색된 합성 기억을 근거로 답변했습니다.,eval_online_course,1.0000,0,6.4876
synthetic-life-memories-v1,q_programming,oracle,mmr,10,검색된 합성 기억을 근거로 답변했습니다.,eval_online_course,1.0000,0,6.4875
synthetic-life-memories-v1,q_gardening,oracle,mmr,3,검색된 합성 기억을 근거로 답변했습니다.,eval_garden_project,1.0000,0,6.3039
synthetic-life-memories-v1,q_gardening,oracle,mmr,5,검색된 합성 기억을 근거로 답변했습니다.,eval_garden_project,1.0000,0,6.3036
synthetic-life-memories-v1,q_gardening,oracle,mmr,10,검색된 합성 기억을 근거로 답변했습니다.,eval_garden_project,1.0000,0,6.3035
synthetic-life-memories-v1,q_running,oracle,mmr,3,검색된 합성 기억을 근거로 답변했습니다.,eval_running_event,1.0000,0,6.3360
synthetic-life-memories-v1,q_running,oracle,mmr,5,검색된 합성 기억을 근거로 답변했습니다.,eval_running_event,1.0000,0,6.3352
synthetic-life-memories-v1,q_running,oracle,mmr,10,검색된 합성 기억을 근거로 답변했습니다.,eval_running_event,1.0000,0,6.3350
synthetic-life-memories-v1,q_school_graduation,oracle,bm25,3,검색 결과가 정답 기억을 뒷받침하지 못했습니다.,eval_school_entrance,0.0000,1,0.9810
synthetic-life-memories-v1,q_school_graduation,oracle,bm25,5,검색 결과가 정답 기억을 뒷받침하지 못했습니다.,eval_school_entrance,0.0000,1,0.9806
synthetic-life-memories-v1,q_school_graduation,oracle,bm25,10,검색 결과가 정답 기억을 뒷받침하지 못했습니다.,eval_school_entrance,0.0000,1,0.9807
synthetic-life-memories-v1,q_first_work,oracle,bm25,3,검색 결과가 정답 기억을 뒷받침하지 못했습니다.,eval_volunteer_library,0.0000,1,0.7918
synthetic-life-memories-v1,q_first_work,oracle,bm25,5,검색 결과가 정답 기억을 뒷받침하지 못했습니다.,eval_volunteer_library,0.0000,1,0.7917
synthetic-life-memories-v1,q_first_work,oracle,bm25,10,검색 결과가 정답 기억을 뒷받침하지 못했습니다.,eval_volunteer_library,0.0000,1,0.7915
synthetic-life-memories-v1,q_seaside,oracle,bm25,3,검색된 합성 기억을 근거로 답변했습니다.,eval_beach_trip,1.0000,0,0.7870
synthetic-life-memories-v1,q_seaside,oracle,bm25,5,검색된 합성 기억을 근거로 답변했습니다.,eval_beach_trip,1.0000,0,0.7868
synthetic-life-memories-v1,q_seaside,oracle,bm25,10,검색된 합성 기억을 근거로 답변했습니다.,eval_beach_trip,1.0000,0,0.7868
synthetic-life-memories-v1,q_relocation,oracle,bm25,3,검색된 합성 기억을 근거로 답변했습니다.,eval_house_move,1.0000,0,0.7833
synthetic-life-memories-v1,q_relocation,oracle,bm25,5,검색된 합성 기억을 근거로 답변했습니다.,eval_house_move,1.0000,0,0.7832
synthetic-life-memories-v1,q_relocation,oracle,bm25,10,검색된 합성 기억을 근거로 답변했습니다.,eval_house_move,1.0000,0,0.7831
synthetic-life-memories-v1,q_library,oracle,bm25,3,검색된 합성 기억을 근거로 답변했습니다.,eval_volunteer_library,1.0000,0,0.7719
synthetic-life-memories-v1,q_library,oracle,bm25,5,검색된 합성 기억을 근거로 답변했습니다.,eval_volunteer_library,1.0000,0,0.7717
synthetic-life-memories-v1,q_library,oracle,bm25,10,검색된 합성 기억을 근거로 답변했습니다.,eval_volunteer_library,1.0000,0,0.7717
synthetic-life-memories-v1,q_programming,oracle,bm25,3,검색된 합성 기억을 근거로 답변했습니다.,eval_online_course,1.0000,0,0.7992
synthetic-life-memories-v1,q_programming,oracle,bm25,5,검색된 합성 기억을 근거로 답변했습니다.,eval_online_course,1.0000,0,0.7991
synthetic-life-memories-v1,q_programming,oracle,bm25,10,검색된 합성 기억을 근거로 답변했습니다.,eval_online_course,1.0000,0,0.7990
synthetic-life-memories-v1,q_gardening,oracle,bm25,3,검색된 합성 기억을 근거로 답변했습니다.,eval_garden_project,1.0000,0,0.7993
synthetic-life-memories-v1,q_gardening,oracle,bm25,5,검색된 합성 기억을 근거로 답변했습니다.,eval_garden_project,1.0000,0,0.7992
synthetic-life-memories-v1,q_gardening,oracle,bm25,10,검색된 합성 기억을 근거로 답변했습니다.,eval_garden_project,1.0000,0,0.7992
synthetic-life-memories-v1,q_running,oracle,bm25,3,검색된 합성 기억을 근거로 답변했습니다.,eval_running_event,1.0000,0,0.7764
synthetic-life-memories-v1,q_running,oracle,bm25,5,검색된 합성 기억을 근거로 답변했습니다.,eval_running_event,1.0000,0,0.7763
synthetic-life-memories-v1,q_running,oracle,bm25,10,검색된 합성 기억을 근거로 답변했습니다.,eval_running_event,1.0000,0,0.7762
synthetic-life-memories-v1,q_school_graduation,oracle,hybrid,3,검색 결과가 정답 기억을 뒷받침하지 못했습니다.,eval_school_entrance,0.0000,1,1.3450
synthetic-life-memories-v1,q_school_graduation,oracle,hybrid,5,검색 결과가 정답 기억을 뒷받침하지 못했습니다.,eval_school_entrance,0.0000,1,1.3447
synthetic-life-memories-v1,q_school_graduation,oracle,hybrid,10,검색 결과가 정답 기억을 뒷받침하지 못했습니다.,eval_school_entrance,0.0000,1,1.3447
synthetic-life-memories-v1,q_first_work,oracle,hybrid,3,검색 결과가 정답 기억을 뒷받침하지 못했습니다.,eval_school_entrance,0.0000,1,1.3015
synthetic-life-memories-v1,q_first_work,oracle,hybrid,5,검색 결과가 정답 기억을 뒷받침하지 못했습니다.,eval_school_entrance,0.0000,1,1.3014
synthetic-life-memories-v1,q_first_work,oracle,hybrid,10,검색 결과가 정답 기억을 뒷받침하지 못했습니다.,eval_school_entrance,0.0000,1,1.3013
synthetic-life-memories-v1,q_seaside,oracle,hybrid,3,검색된 합성 기억을 근거로 답변했습니다.,eval_beach_trip,1.0000,0,1.3083
synthetic-life-memories-v1,q_seaside,oracle,hybrid,5,검색된 합성 기억을 근거로 답변했습니다.,eval_beach_trip,1.0000,0,1.3080
synthetic-life-memories-v1,q_seaside,oracle,hybrid,10,검색된 합성 기억을 근거로 답변했습니다.,eval_beach_trip,1.0000,0,1.3080
synthetic-life-memories-v1,q_relocation,oracle,hybrid,3,검색된 합성 기억을 근거로 답변했습니다.,eval_house_move,1.0000,0,1.2874
synthetic-life-memories-v1,q_relocation,oracle,hybrid,5,검색된 합성 기억을 근거로 답변했습니다.,eval_house_move,1.0000,0,1.2871
synthetic-life-memories-v1,q_relocation,oracle,hybrid,10,검색된 합성 기억을 근거로 답변했습니다.,eval_house_move,1.0000,0,1.2871
synthetic-life-memories-v1,q_library,oracle,hybrid,3,검색된 합성 기억을 근거로 답변했습니다.,eval_volunteer_library,1.0000,0,1.2750
synthetic-life-memories-v1,q_library,oracle,hybrid,5,검색된 합성 기억을 근거로 답변했습니다.,eval_volunteer_library,1.0000,0,1.2748
synthetic-life-memories-v1,q_library,oracle,hybrid,10,검색된 합성 기억을 근거로 답변했습니다.,eval_volunteer_library,1.0000,0,1.2747
synthetic-life-memories-v1,q_programming,oracle,hybrid,3,검색된 합성 기억을 근거로 답변했습니다.,eval_online_course,1.0000,0,1.4660
synthetic-life-memories-v1,q_programming,oracle,hybrid,5,검색된 합성 기억을 근거로 답변했습니다.,eval_online_course,1.0000,0,1.4656
synthetic-life-memories-v1,q_programming,oracle,hybrid,10,검색된 합성 기억을 근거로 답변했습니다.,eval_online_course,1.0000,0,1.4655
synthetic-life-memories-v1,q_gardening,oracle,hybrid,3,검색된 합성 기억을 근거로 답변했습니다.,eval_garden_project,1.0000,0,1.3196
synthetic-life-memories-v1,q_gardening,oracle,hybrid,5,검색된 합성 기억을 근거로 답변했습니다.,eval_garden_project,1.0000,0,1.3193
synthetic-life-memories-v1,q_gardening,oracle,hybrid,10,검색된 합성 기억을 근거로 답변했습니다.,eval_garden_project,1.0000,0,1.3193
synthetic-life-memories-v1,q_running,oracle,hybrid,3,검색된 합성 기억을 근거로 답변했습니다.,eval_running_event,1.0000,0,1.2793
synthetic-life-memories-v1,q_running,oracle,hybrid,5,검색된 합성 기억을 근거로 답변했습니다.,eval_running_event,1.0000,0,1.2791
synthetic-life-memories-v1,q_running,oracle,hybrid,10,검색된 합성 기억을 근거로 답변했습니다.,eval_running_event,1.0000,0,1.2790
