dataset_id,query_id,chunk_strategy,search_method,top_k,relevant_memory_ids,retrieved_memory_ids,recall_at_k,contains_answer,retrieval_latency_ms
synthetic-life-memories-v1,q_school_graduation,256,alias,3,eval_school_graduation,eval_school_entrance|eval_school_graduation|eval_first_job,1.0000,1,1.6884
synthetic-life-memories-v1,q_school_graduation,256,alias,5,eval_school_graduation,eval_school_entrance|eval_school_graduation|eval_first_job|eval_running_event|eval_cooking_class,1.0000,1,1.6884
synthetic-life-memories-v1,q_school_graduation,256,alias,10,eval_school_graduation,eval_school_entrance|eval_school_graduation|eval_first_job|eval_running_event|eval_cooking_class|eval_garden_project|eval_beach_trip|eval_train_trip|eval_house_move|eval_mountain_hike,1.0000,1,1.6884
synthetic-life-memories-v1,q_first_work,256,alias,3,eval_first_job,eval_first_job|eval_volunteer_library|eval_school_entrance,1.0000,1,1.0500
synthetic-life-memories-v1,q_first_work,256,alias,5,eval_first_job,eval_first_job|eval_volunteer_library|eval_school_entrance|eval_school_graduation|eval_online_course,1.0000,1,1.0500
synthetic-life-memories-v1,q_first_work,256,alias,10,eval_first_job,eval_first_job|eval_volunteer_library|eval_school_entrance|eval_school_graduation|eval_online_course|eval_running_event|eval_cooking_class|eval_garden_project|eval_train_trip|eval_house_move,1.0000,1,1.0500
synthetic-life-memories-v1,q_seaside,256,alias,3,eval_beach_trip,eval_beach_trip|eval_cooking_class|eval_volunteer_library,1.0000,1,0.8744
synthetic-life-memories-v1,q_seaside,256,alias,5,eval_beach_trip,eval_beach_trip|eval_cooking_class|eval_volunteer_library|eval_house_move|eval_mountain_hike,1.0000,1,0.8744
synthetic-life-memories-v1,q_seaside,256,alias,10,eval_beach_trip,eval_beach_trip|eval_cooking_class|eval_volunteer_library|eval_house_move|eval_mountain_hike|eval_online_course|eval_first_job|eval_school_entrance|eval_school_graduation|eval_garden_project,1.0000,1,0.8744
synthetic-life-memories-v1,q_relocation,256,alias,3,eval_house_move,eval_house_move|eval_mountain_hike|eval_volunteer_library,1.0000,1,0.6800
synthetic-life-memories-v1,q_relocation,256,alias,5,eval_house_move,eval_house_move|eval_mountain_hike|eval_volunteer_library|eval_online_course|eval_first_job,1.0000,1,0.6800
synthetic-life-memories-v1,q_relocation,256,alias,10,eval_house_move,eval_house_move|eval_mountain_hike|eval_volunteer_library|eval_online_course|eval_first_job|eval_cooking_class|eval_garden_project|eval_school_entrance|eval_school_graduation|eval_train_trip,1.0000,1,0.6800
synthetic-life-memories-v1,q_library,256,alias,3,eval_volunteer_library,eval_volunteer_library|eval_online_course|eval_house_move,1.0000,1,0.5508
synthetic-life-memories-v1,q_library,256,alias,5,eval_volunteer_library,eval_volunteer_library|eval_online_course|eval_house_move|eval_cooking_class|eval_first_job,1.0000,1,0.5508
synthetic-life-memories-v1,q_library,256,alias,10,eval_volunteer_library,eval_volunteer_library|eval_online_course|eval_house_move|eval_cooking_class|eval_first_job|eval_school_graduation|eval_school_entrance|eval_mountain_hike|eval_running_event|eval_train_trip,1.0000,1,0.5508
synthetic-life-memories-v1,q_programming,256,alias,3,eval_online_course,eval_volunteer_library|eval_online_course|eval_first_job,1.0000,1,0.5053
synthetic-life-memories-v1,q_programming,256,alias,5,eval_online_course,eval_volunteer_library|eval_online_course|eval_first_job|eval_beach_trip|eval_garden_project,1.0000,1,0.5053
synthetic-life-memories-v1,q_programming,256,alias,10,eval_online_course,eval_volunteer_library|eval_online_course|eval_first_job|eval_beach_trip|eval_garden_project|eval_school_entrance|eval_school_graduation|eval_cooking_class|eval_train_trip|eval_house_move,1.0000,1,0.5053
synthetic-life-memories-v1,q_gardening,256,alias,3,eval_garden_project,eval_garden_project|eval_volunteer_library|eval_train_trip,1.0000,1,0.4864
synthetic-life-memories-v1,q_gardening,256,alias,5,eval_garden_project,eval_garden_project|eval_volunteer_library|eval_train_trip|eval_online_course|eval_house_move,1.0000,1,0.4864
synthetic-life-memories-v1,q_gardening,256,alias,10,eval_garden_project,eval_garden_project|eval_volunteer_library|eval_train_trip|eval_online_course|eval_house_move|eval_mountain_hike|eval_beach_trip|eval_school_entrance|eval_school_graduation|eval_cooking_class,1.0000,1,0.4864
synthetic-life-memories-v1,q_running,256,alias,3,eval_running_event,eval_running_event|eval_train_trip|eval_house_move,1.0000,1,0.5082
synthetic-life-memories-v1,q_running,256,alias,5,eval_running_event,eval_running_event|eval_train_trip|eval_house_move|eval_mountain_hike|eval_volunteer_library,1.0000,1,0.5082
synthetic-life-memories-v1,q_running,256,alias,10,eval_running_event,eval_running_event|eval_train_trip|eval_house_move|eval_mountain_hike|eval_volunteer_library|eval_cooking_class|eval_first_job|eval_school_graduation|eval_school_entrance|eval_online_course,1.0000,1,0.5082
synthetic-life-memories-v1,q_school_graduation,256,mmr,3,eval_school_graduation,eval_school_entrance|eval_school_graduation|eval_running_event,1.0000,1,2.6456
synthetic-life-memories-v1,q_school_graduation,256,mmr,5,eval_school_graduation,eval_school_entrance|eval_school_graduation|eval_running_event|eval_beach_trip|eval_train_trip,1.0000,1,2.6456
synthetic-life-memories-v1,q_school_graduation,256,mmr,10,eval_school_graduation,eval_school_entrance|eval_school_graduation|eval_running_event|eval_beach_trip|eval_train_trip|eval_garden_project|eval_cooking_class|eval_first_job|eval_volunteer_library|eval_online_course,1.0000,1,2.6456
synthetic-life-memories-v1,q_first_work,256,mmr,3,eval_first_job,eval_first_job|eval_cooking_class|eval_running_event,1.0000,1,2.5864
synthetic-life-memories-v1,q_first_work,256,mmr,5,eval_first_job,eval_first_job|eval_cooking_class|eval_running_event|eval_volunteer_library|eval_school_graduation,1.0000,1,2.5864
synthetic-life-memories-v1,q_first_work,256,mmr,10,eval_first_job,eval_first_job|eval_cooking_class|eval_running_event|eval_volunteer_library|eval_school_graduation|eval_online_course|eval_train_trip|eval_school_entrance|eval_garden_project|eval_beach_trip,1.0000,1,2.5864
synthetic-life-memories-v1,q_seaside,256,mmr,3,eval_beach_trip,eval_beach_trip|eval_cooking_class|eval_volunteer_library,1.0000,1,3.1083
synthetic-life-memories-v1,q_seaside,256,mmr,5,eval_beach_trip,eval_beach_trip|eval_cooking_class|eval_volunteer_library|eval_online_course|eval_school_entrance,1.0000,1,3.1083
synthetic-life-memories-v1,q_seaside,256,mmr,10,eval_beach_trip,eval_beach_trip|eval_cooking_class|eval_volunteer_library|eval_online_course|eval_school_entrance|eval_school_graduation|eval_mountain_hike|eval_running_event|eval_house_move|eval_first_job,1.0000,1,3.1083
synthetic-life-memories-v1,q_relocation,256,mmr,3,eval_house_move,eval_house_move|eval_mountain_hike|eval_first_job,1.0000,1,2.5510
synthetic-life-memories-v1,q_relocation,256,mmr,5,eval_house_move,eval_house_move|eval_mountain_hike|eval_first_job|eval_volunteer_library|eval_cooking_class,1.0000,1,2.5510
synthetic-life-memories-v1,q_relocation,256,mmr,10,eval_house_move,eval_house_move|eval_mountain_hike|eval_first_job|eval_volunteer_library|eval_cooking_class|eval_online_course|eval_running_event|eval_garden_project|eval_school_entrance|eval_school_graduation,1.0000,1,2.5510
synthetic-life-memories-v1,q_library,256,mmr,3,eval_volunteer_library,eval_volunteer_library|eval_online_course|eval_running_event,1.0000,1,2.5255
synthetic-life-memories-v1,q_library,256,mmr,5,eval_volunteer_library,eval_volunteer_library|eval_online_course|eval_running_event|eval_school_entrance|eval_school_graduation,1.0000,1,2.5255
synthetic-life-memories-v1,q_library,256,mmr,10,eval_volunteer_library,eval_volunteer_library|eval_online_course|eval_running_event|eval_school_entrance|eval_school_graduation|eval_train_trip|eval_beach_trip|eval_house_move|eval_garden_project|eval_first_job,1.0000,1,2.5255
synthetic-life-memories-v1,q_programming,256,mmr,3,eval_online_course,eval_volunteer_library|eval_online_course|eval_running_event,1.0000,1,2.5001
synthetic-life-memories-v1,q_programming,256,mmr,5,eval_online_course,eval_volunteer_library|eval_online_course|eval_running_event|eval_beach_trip|eval_train_trip,1.0000,1,2.5001
synthetic-life-memories-v1,q_programming,256,mmr,10,eval_online_course,eval_volunteer_library|eval_online_course|eval_running_event|eval_beach_trip|eval_train_trip|eval_school_entrance|eval_school_graduation|eval_house_move|eval_cooking_class|eval_garden_project,1.0000,1,2.5001
synthetic-life-memories-v1,q_gardening,256,mmr,3,eval_garden_project,eval_garden_project|eval_train_trip|eval_house_move,1.0000,1,2.5660
synthetic-life-memories-v1,q_gardening,256,mmr,5,eval_garden_project,eval_garden_project|eval_train_trip|eval_house_move|eval_mountain_hike|eval_online_course,1.0000,1,2.5660
synthetic-life-memories-v1,q_gardening,256,mmr,10,eval_garden_project,eval_garden_project|eval_train_trip|eval_house_move|eval_mountain_hike|eval_online_course|eval_school_entrance|eval_school_graduation|eval_volunteer_library|eval_running_event|eval_beach_trip,1.0000,1,2.5660
synthetic-life-memories-v1,q_running,256,mmr,3,eval_running_event,eval_running_event|eval_train_trip|eval_school_entrance,1.0000,1,2.4883
synthetic-life-memories-v1,q_running,256,mmr,5,eval_running_event,eval_running_event|eval_train_trip|eval_school_entrance|eval_school_graduation|eval_house_move,1.0000,1,2.4883
synthetic-life-memories-v1,q_running,256,mmr,10,eval_running_event,eval_running_event|eval_train_trip|eval_school_entrance|eval_school_graduation|eval_house_move|eval_mountain_hike|eval_garden_project|eval_first_job|eval_beach_trip|eval_volunteer_library,1.0000,1,2.4883
synthetic-life-memories-v1,q_school_graduation,256,bm25,3,eval_school_graduation,eval_school_entrance|eval_school_graduation|eval_first_job,1.0000,1,1.1102
synthetic-life-memories-v1,q_school_graduation,256,bm25,5,eval_school_graduation,eval_school_entrance|eval_school_graduation|eval_first_job|eval_running_event|eval_garden_project,1.0000,1,1.1102
synthetic-life-memories-v1,q_school_graduation,256,bm25,10,eval_school_graduation,eval_school_entrance|eval_school_graduation|eval_first_job|eval_running_event|eval_garden_project|eval_beach_trip|eval_house_move|eval_volunteer_library|eval_mountain_hike|eval_online_course,1.0000,1,1.1102
synthetic-life-memories-v1,q_first_work,256,bm25,3,eval_first_job,eval_volunteer_library|eval_school_entrance|eval_running_event,0.0000,0,0.9604
synthetic-life-memories-v1,q_first_work,256,bm25,5,eval_first_job,eval_volunteer_library|eval_school_entrance|eval_running_event|eval_school_graduation|eval_first_job,1.0000,1,0.9604
synthetic-life-memories-v1,q_first_work,256,bm25,10,eval_first_job,eval_volunteer_library|eval_school_entrance|eval_running_event|eval_school_graduation|eval_first_job|eval_garden_project|eval_online_course|eval_house_move|eval_beach_trip|eval_mountain_hike,1.0000,1,0.9604
synthetic-life-memories-v1,q_seaside,256,bm25,3,eval_beach_trip,eval_beach_trip|eval_cooking_class|eval_volunteer_library,1.0000,1,0.8264
synthetic-life-memories-v1,q_seaside,256,bm25,5,eval_beach_trip,eval_beach_trip|eval_cooking_class|eval_volunteer_library|eval_house_move|eval_first_job,1.0000,1,0.8264
synthetic-life-memories-v1,q_seaside,256,bm25,10,eval_beach_trip,eval_beach_trip|eval_cooking_class|eval_volunteer_library|eval_house_move|eval_first_job|eval_mountain_hike|eval_garden_project|eval_online_course|eval_school_entrance|eval_school_graduation,1.0000,1,0.8264
synthetic-life-memories-v1,q_relocation,256,bm25,3,eval_house_move,eval_house_move|eval_mountain_hike|eval_volunteer_library,1.0000,1,0.8189
synthetic-life-memories-v1,q_relocation,256,bm25,5,eval_house_move,eval_house_move|eval_mountain_hike|eval_volunteer_library|eval_online_course|eval_first_job,1.0000,1,0.8189
synthetic-life-memories-v1,q_relocation,256,bm25,10,eval_house_move,eval_house_move|eval_mountain_hike|eval_volunteer_library|eval_online_course|eval_first_job|eval_school_entrance|eval_school_graduation|eval_garden_project|eval_running_event|eval_beach_trip,1.0000,1,0.8189
synthetic-life-memories-v1,q_library,256,bm25,3,eval_volunteer_library,eval_volunteer_library|eval_online_course|eval_house_move,1.0000,1,0.8118
synthetic-life-memories-v1,q_library,256,bm25,5,eval_volunteer_library,eval_volunteer_library|eval_online_course|eval_house_move|eval_first_job|eval_school_entrance,1.0000,1,0.8118
synthetic-life-memories-v1,q_library,256,bm25,10,eval_volunteer_library,eval_volunteer_library|eval_online_course|eval_house_move|eval_first_job|eval_school_entrance|eval_running_event|eval_garden_project|eval_beach_trip|eval_mountain_hike|eval_school_graduation,1.0000,1,0.8118
synthetic-life-memories-v1,q_programming,256,bm25,3,eval_online_course,eval_first_job|eval_garden_project|eval_volunteer_library,0.0000,0,0.8187
synthetic-life-memories-v1,q_programming,256,bm25,5,eval_online_course,eval_first_job|eval_garden_project|eval_volunteer_library|eval_beach_trip|eval_online_course,1.0000,1,0.8187
synthetic-life-memories-v1,q_programming,256,bm25,10,eval_online_course,eval_first_job|eval_garden_project|eval_volunteer_library|eval_beach_trip|eval_online_course|eval_school_entrance|eval_house_move|eval_running_event|eval_mountain_hike|eval_school_graduation,1.0000,1,0.8187
synthetic-life-memories-v1,q_gardening,256,bm25,3,eval_garden_project,eval_garden_project|eval_train_trip|eval_volunteer_library,1.0000,1,0.8418
synthetic-life-memories-v1,q_gardening,256,bm25,5,eval_garden_project,eval_garden_project|eval_train_trip|eval_volunteer_library|eval_house_move|eval_mountain_hike,1.0000,1,0.8418
synthetic-life-memories-v1,q_gardening,256,bm25,10,eval_garden_project,eval_garden_project|eval_train_trip|eval_volunteer_library|eval_house_move|eval_mountain_hike|eval_online_course|eval_school_entrance|eval_beach_trip|eval_running_event|eval_first_job,1.0000,1,0.8418
synthetic-life-memories-v1,q_running,256,bm25,3,eval_running_event,eval_running_event|eval_house_move|eval_mountain_hike,1.0000,1,0.7870
synthetic-life-memories-v1,q_running,256,bm25,5,eval_running_event,eval_running_event|eval_house_move|eval_mountain_hike|eval_volunteer_library|eval_first_job,1.0000,1,0.7870
synthetic-life-memories-v1,q_running,256,bm25,10,eval_running_event,eval_running_event|eval_house_move|eval_mountain_hike|eval_volunteer_library|eval_first_job|eval_school_entrance|eval_garden_project|eval_beach_trip|eval_train_trip|eval_school_graduation,1.0000,1,0.7870
synthetic-life-memories-v1,q_school_graduation,256,hybrid,3,eval_school_graduation,eval_school_entrance|eval_first_job|eval_running_event,0.0000,0,1.3658
synthetic-life-memories-v1,q_school_graduation,256,hybrid,5,eval_school_graduation,eval_school_entrance|eval_first_job|eval_running_event|eval_garden_project|eval_school_graduation,1.0000,1,1.3658
synthetic-life-memories-v1,q_school_graduation,256,hybrid,10,eval_school_graduation,eval_school_entrance|eval_first_job|eval_running_event|eval_garden_project|eval_school_graduation|eval_beach_trip|eval_house_move|eval_volunteer_library|eval_mountain_hike|eval_online_course,1.0000,1,1.3658
synthetic-life-memories-v1,q_first_work,256,hybrid,3,eval_first_job,eval_volunteer_library|eval_first_job|eval_school_entrance,1.0000,1,1.5909
synthetic-life-memories-v1,q_first_work,256,hybrid,5,eval_first_job,eval_volunteer_library|eval_first_job|eval_school_entrance|eval_running_event|eval_garden_project,1.0000,1,1.5909
synthetic-life-memories-v1,q_first_work,256,hybrid,10,eval_first_job,eval_volunteer_library|eval_first_job|eval_school_entrance|eval_running_event|eval_garden_project|eval_house_move|eval_school_graduation|eval_beach_trip|eval_mountain_hike|eval_online_course,1.0000,1,1.5909
synthetic-life-memories-v1,q_seaside,256,hybrid,3,eval_beach_trip,eval_beach_trip|eval_volunteer_library|eval_house_move,1.0000,1,1.3648
synthetic-life-memories-v1,q_seaside,256,hybrid,5,eval_beach_trip,eval_beach_trip|eval_volunteer_library|eval_house_move|eval_mountain_hike|eval_first_job,1.0000,1,1.3648
synthetic-life-memories-v1,q_seaside,256,hybrid,10,eval_beach_trip,eval_beach_trip|eval_volunteer_library|eval_house_move|eval_mountain_hike|eval_first_job|eval_school_entrance|eval_garden_project|eval_running_event|eval_school_graduation|eval_online_course,1.0000,1,1.3648
synthetic-life-memories-v1,q_relocation,256,hybrid,3,eval_house_move,eval_house_move|eval_mountain_hike|eval_volunteer_library,1.0000,1,1.3307
synthetic-life-memories-v1,q_relocation,256,hybrid,5,eval_house_move,eval_house_move|eval_mountain_hike|eval_volunteer_library|eval_first_job|eval_school_entrance,1.0000,1,1.3307
synthetic-life-memories-v1,q_relocation,256,hybrid,10,eval_house_move,eval_house_move|eval_mountain_hike|eval_volunteer_library|eval_first_job|eval_school_entrance|eval_garden_project|eval_running_event|eval_beach_trip|eval_school_graduation|eval_online_course,1.0000,1,1.3307
synthetic-life-memories-v1,q_library,256,hybrid,3,eval_volunteer_library,eval_volunteer_library|eval_first_job|eval_school_entrance,1.0000,1,1.2979
synthetic-life-memories-v1,q_library,256,hybrid,5,eval_volunteer_library,eval_volunteer_library|eval_first_job|eval_school_entrance|eval_house_move|eval_mountain_hike,1.0000,1,1.2979
synthetic-life-memories-v1,q_library,256,hybrid,10,eval_volunteer_library,eval_volunteer_library|eval_first_job|eval_school_entrance|eval_house_move|eval_mountain_hike|eval_running_event|eval_garden_project|eval_school_graduation|eval_beach_trip|eval_online_course,1.0000,1,1.2979
synthetic-life-memories-v1,q_programming,256,hybrid,3,eval_online_course,eval_first_job|eval_volunteer_library|eval_garden_project,0.0000,0,1.3325
synthetic-life-memories-v1,q_programming,256,hybrid,5,eval_online_course,eval_first_job|eval_volunteer_library|eval_garden_project|eval_beach_trip|eval_school_entrance,0.0000,0,1.3325
synthetic-life-memories-v1,q_programming,256,hybrid,10,eval_online_course,eval_first_job|eval_volunteer_library|eval_garden_project|eval_beach_trip|eval_school_entrance|eval_house_move|eval_running_event|eval_mountain_hike|eval_school_graduation|eval_online_course,1.0000,1,1.3325
synthetic-life-memories-v1,q_gardening,256,hybrid,3,eval_garden_project,eval_garden_project|eval_volunteer_library|eval_house_move,1.0000,1,1.4201
synthetic-life-memories-v1,q_gardening,256,hybrid,5,eval_garden_project,eval_garden_project|eval_volunteer_library|eval_house_move|eval_mountain_hike|eval_school_entrance,1.0000,1,1.4201
synthetic-life-memories-v1,q_gardening,256,hybrid,10,eval_garden_project,eval_garden_project|eval_volunteer_library|eval_house_move|eval_mountain_hike|eval_school_entrance|eval_beach_trip|eval_running_event|eval_first_job|eval_school_graduation|eval_online_course,1.0000,1,1.4201
synthetic-life-memories-v1,q_running,256,hybrid,3,eval_running_event,eval_running_event|eval_house_move|eval_mountain_hike,1.0000,1,1.5542
synthetic-life-memories-v1,q_running,256,hybrid,5,eval_running_event,eval_running_event|eval_house_move|eval_mountain_hike|eval_first_job|eval_school_entrance,1.0000,1,1.5542
synthetic-life-memories-v1,q_running,256,hybrid,10,eval_running_event,eval_running_event|eval_house_move|eval_mountain_hike|eval_first_job|eval_school_entrance|eval_volunteer_library|eval_garden_project|eval_beach_trip|eval_school_graduation|eval_online_course,1.0000,1,1.5542
synthetic-life-memories-v1,q_school_graduation,512,alias,3,eval_school_graduation,eval_first_job|eval_school_entrance|eval_school_graduation,1.0000,1,0.4974
synthetic-life-memories-v1,q_school_graduation,512,alias,5,eval_school_graduation,eval_first_job|eval_school_entrance|eval_school_graduation|eval_cooking_class|eval_running_event,1.0000,1,0.4974
synthetic-life-memories-v1,q_school_graduation,512,alias,10,eval_school_graduation,eval_first_job|eval_school_entrance|eval_school_graduation|eval_cooking_class|eval_running_event|eval_beach_trip|eval_house_move|eval_mountain_hike|eval_train_trip|eval_volunteer_library,1.0000,1,0.4974
synthetic-life-memories-v1,q_first_work,512,alias,3,eval_first_job,eval_first_job|eval_school_entrance|eval_school_graduation,1.0000,1,0.4746
synthetic-life-memories-v1,q_first_work,512,alias,5,eval_first_job,eval_first_job|eval_school_entrance|eval_school_graduation|eval_cooking_class|eval_garden_project,1.0000,1,0.4746
synthetic-life-memories-v1,q_first_work,512,alias,10,eval_first_job,eval_first_job|eval_school_entrance|eval_school_graduation|eval_cooking_class|eval_garden_project|eval_online_course|eval_volunteer_library|eval_train_trip|eval_running_event|eval_house_move,1.0000,1,0.4746
synthetic-life-memories-v1,q_seaside,512,alias,3,eval_beach_trip,eval_beach_trip|eval_house_move|eval_mountain_hike,1.0000,1,0.4510
synthetic-life-memories-v1,q_seaside,512,alias,5,eval_beach_trip,eval_beach_trip|eval_house_move|eval_mountain_hike|eval_cooking_class|eval_volunteer_library,1.0000,1,0.4510
synthetic-life-memories-v1,q_seaside,512,alias,10,eval_beach_trip,eval_beach_trip|eval_house_move|eval_mountain_hike|eval_cooking_class|eval_volunteer_library|eval_garden_project|eval_online_course|eval_train_trip|eval_first_job|eval_school_entrance,1.0000,1,0.4510
synthetic-life-memories-v1,q_relocation,512,alias,3,eval_house_move,eval_beach_trip|eval_house_move|eval_mountain_hike,1.0000,1,0.4639
synthetic-life-memories-v1,q_relocation,512,alias,5,eval_house_move,eval_beach_trip|eval_house_move|eval_mountain_hike|eval_volunteer_library|eval_garden_project,1.0000,1,0.4639
synthetic-life-memories-v1,q_relocation,512,alias,10,eval_house_move,eval_beach_trip|eval_house_move|eval_mountain_hike|eval_volunteer_library|eval_garden_project|eval_online_course|eval_train_trip|eval_cooking_class|eval_first_job|eval_school_entrance,1.0000,1,0.4639
synthetic-life-memories-v1,q_library,512,alias,3,eval_volunteer_library,eval_garden_project|eval_online_course|eval_volunteer_library,1.0000,1,0.4326
synthetic-life-memories-v1,q_library,512,alias,5,eval_volunteer_library,eval_garden_project|eval_online_course|eval_volunteer_library|eval_train_trip|eval_house_move,1.0000,1,0.4326
synthetic-life-memories-v1,q_library,512,alias,10,eval_volunteer_library,eval_garden_project|eval_online_course|eval_volunteer_library|eval_train_trip|eval_house_move|eval_beach_trip|eval_mountain_hike|eval_cooking_class|eval_running_event|eval_first_job,1.0000,1,0.4326
synthetic-life-memories-v1,q_programming,512,alias,3,eval_online_course,eval_garden_project|eval_online_course|eval_volunteer_library,1.0000,1,0.4490
synthetic-life-memories-v1,q_programming,512,alias,5,eval_online_course,eval_garden_project|eval_online_course|eval_volunteer_library|eval_train_trip|eval_first_job,1.0000,1,0.4490
synthetic-life-memories-v1,q_programming,512,alias,10,eval_online_course,eval_garden_project|eval_online_course|eval_volunteer_library|eval_train_trip|eval_first_job|eval_school_entrance|eval_school_graduation|eval_house_move|eval_beach_trip|eval_mountain_hike,1.0000,1,0.4490
synthetic-life-memories-v1,q_gardening,512,alias,3,eval_garden_project,eval_garden_project|eval_online_course|eval_volunteer_library,1.0000,1,0.4285
synthetic-life-memories-v1,q_gardening,512,alias,5,eval_garden_project,eval_garden_project|eval_online_course|eval_volunteer_library|eval_train_trip|eval_house_move,1.0000,1,0.4285
synthetic-life-memories-v1,q_gardening,512,alias,10,eval_garden_project,eval_garden_project|eval_online_course|eval_volunteer_library|eval_train_trip|eval_house_move|eval_beach_trip|eval_mountain_hike|eval_cooking_class|eval_first_job|eval_school_entrance,1.0000,1,0.4285
synthetic-life-memories-v1,q_running,512,alias,3,eval_running_event,eval_running_event|eval_train_trip|eval_beach_trip,1.0000,1,0.4393
synthetic-life-memories-v1,q_running,512,alias,5,eval_running_event,eval_running_event|eval_train_trip|eval_beach_trip|eval_house_move|eval_mountain_hike,1.0000,1,0.4393
synthetic-life-memories-v1,q_running,512,alias,10,eval_running_event,eval_running_event|eval_train_trip|eval_beach_trip|eval_house_move|eval_mountain_hike|eval_cooking_class|eval_volunteer_library|eval_first_job|eval_school_entrance|eval_school_graduation,1.0000,1,0.4393
synthetic-life-memories-v1,q_school_graduation,512,mmr,3,eval_school_graduation,eval_first_job|eval_school_entrance|eval_school_graduation,1.0000,1,1.0901
synthetic-life-memories-v1,q_school_graduation,512,mmr,5,eval_school_graduation,eval_first_job|eval_school_entrance|eval_school_graduation|eval_cooking_class|eval_running_event,1.0000,1,1.0901
synthetic-life-memories-v1,q_school_graduation,512,mmr,10,eval_school_graduation,eval_first_job|eval_school_entrance|eval_school_graduation|eval_cooking_class|eval_running_event|eval_garden_project|eval_online_course|eval_volunteer_library|eval_train_trip|eval_house_move,1.0000,1,1.0901
synthetic-life-memories-v1,q_first_work,512,mmr,3,eval_first_job,eval_first_job|eval_school_entrance|eval_school_graduation,1.0000,1,1.0638
synthetic-life-memories-v1,q_first_work,512,mmr,5,eval_first_job,eval_first_job|eval_school_entrance|eval_school_graduation|eval_cooking_class|eval_running_event,1.0000,1,1.0638
synthetic-life-memories-v1,q_first_work,512,mmr,10,eval_first_job,eval_first_job|eval_school_entrance|eval_school_graduation|eval_cooking_class|eval_running_event|eval_garden_project|eval_online_course|eval_volunteer_library|eval_train_trip|eval_house_move,1.0000,1,1.0638
synthetic-life-memories-v1,q_seaside,512,mmr,3,eval_beach_trip,eval_beach_trip|eval_house_move|eval_mountain_hike,1.0000,1,1.0639
synthetic-life-memories-v1,q_seaside,512,mmr,5,eval_beach_trip,eval_beach_trip|eval_house_move|eval_mountain_hike|eval_cooking_class|eval_running_event,1.0000,1,1.0639
synthetic-life-memories-v1,q_seaside,512,mmr,10,eval_beach_trip,eval_beach_trip|eval_house_move|eval_mountain_hike|eval_cooking_class|eval_running_event|eval_first_job|eval_school_entrance|eval_school_graduation|eval_volunteer_library|eval_train_trip,1.0000,1,1.0639
synthetic-life-memories-v1,q_relocation,512,mmr,3,eval_house_move,eval_beach_trip|eval_house_move|eval_mountain_hike,1.0000,1,1.0642
synthetic-life-memories-v1,q_relocation,512,mmr,5,eval_house_move,eval_beach_trip|eval_house_move|eval_mountain_hike|eval_cooking_class|eval_running_event,1.0000,1,1.0642
synthetic-life-memories-v1,q_relocation,512,mmr,10,eval_house_move,eval_beach_trip|eval_house_move|eval_mountain_hike|eval_cooking_class|eval_running_event|eval_volunteer_library|eval_garden_project|eval_online_course|eval_train_trip|eval_first_job,1.0000,1,1.0642
synthetic-life-memories-v1,q_library,512,mmr,3,eval_volunteer_library,eval_garden_project|eval_online_course|eval_volunteer_library,1.0000,1,1.0578
synthetic-life-memories-v1,q_library,512,mmr,5,eval_volunteer_library,eval_garden_project|eval_online_course|eval_volunteer_library|eval_train_trip|eval_running_event,1.0000,1,1.0578
synthetic-life-memories-v1,q_library,512,mmr,10,eval_volunteer_library,eval_garden_project|eval_online_course|eval_volunteer_library|eval_train_trip|eval_running_event|eval_first_job|eval_school_entrance|eval_school_graduation|eval_cooking_class|eval_house_move,1.0000,1,1.0578
synthetic-life-memories-v1,q_programming,512,mmr,3,eval_online_course,eval_garden_project|eval_online_course|eval_volunteer_library,1.0000,1,1.0391
synthetic-life-memories-v1,q_programming,512,mmr,5,eval_online_course,eval_garden_project|eval_online_course|eval_volunteer_library|eval_train_trip|eval_first_job,1.0000,1,1.0391
synthetic-life-memories-v1,q_programming,512,mmr,10,eval_online_course,eval_garden_project|eval_online_course|eval_volunteer_library|eval_train_trip|eval_first_job|eval_school_entrance|eval_school_graduation|eval_cooking_class|eval_running_event|eval_house_move,1.0000,1,1.0391
synthetic-life-memories-v1,q_gardening,512,mmr,3,eval_garden_project,eval_garden_project|eval_online_course|eval_volunteer_library,1.0000,1,1.0584
synthetic-life-memories-v1,q_gardening,512,mmr,5,eval_garden_project,eval_garden_project|eval_online_course|eval_volunteer_library|eval_train_trip|eval_running_event,1.0000,1,1.0584
synthetic-life-memories-v1,q_gardening,512,mmr,10,eval_garden_project,eval_garden_project|eval_online_course|eval_volunteer_library|eval_train_trip|eval_running_event|eval_first_job|eval_school_entrance|eval_school_graduation|eval_cooking_class|eval_house_move,1.0000,1,1.0584
synthetic-life-memories-v1,q_running,512,mmr,3,eval_running_event,eval_running_event|eval_train_trip|eval_first_job,1.0000,1,1.0500
synthetic-life-memories-v1,q_running,512,mmr,5,eval_running_event,eval_running_event|eval_train_trip|eval_first_job|eval_school_entrance|eval_school_graduation,1.0000,1,1.0500
synthetic-life-memories-v1,q_running,512,mmr,10,eval_running_event,eval_running_event|eval_train_trip|eval_first_job|eval_school_entrance|eval_school_graduation|eval_cooking_class|eval_garden_project|eval_online_course|eval_volunteer_library|eval_house_move,1.0000,1,1.0500
synthetic-life-memories-v1,q_school_graduation,512,bm25,3,eval_school_graduation,eval_first_job|eval_school_entrance|eval_school_graduation,1.0000,1,0.8184
synthetic-life-memories-v1,q_school_graduation,512,bm25,5,eval_school_graduation,eval_first_job|eval_school_entrance|eval_school_graduation|eval_cooking_class|eval_running_event,1.0000,1,0.8184
synthetic-life-memories-v1,q_school_graduation,512,bm25,10,eval_school_graduation,eval_first_job|eval_school_entrance|eval_school_graduation|eval_cooking_class|eval_running_event|eval_beach_trip|eval_house_move|eval_mountain_hike|eval_volunteer_library|eval_garden_project,1.0000,1,0.8184
synthetic-life-memories-v1,q_first_work,512,bm25,3,eval_first_job,eval_garden_project|eval_online_course|eval_volunteer_library,0.0000,0,0.7893
synthetic-life-memories-v1,q_first_work,512,bm25,5,eval_first_job,eval_garden_project|eval_online_course|eval_volunteer_library|eval_first_job|eval_school_entrance,1.0000,1,0.7893
synthetic-life-memories-v1,q_first_work,512,bm25,10,eval_first_job,eval_garden_project|eval_online_course|eval_volunteer_library|eval_first_job|eval_school_entrance|eval_school_graduation|eval_train_trip|eval_running_event|eval_cooking_class|eval_house_move,1.0000,1,0.7893
synthetic-life-memories-v1,q_seaside,512,bm25,3,eval_beach_trip,eval_beach_trip|eval_house_move|eval_mountain_hike,1.0000,1,1.6195
synthetic-life-memories-v1,q_seaside,512,bm25,5,eval_beach_trip,eval_beach_trip|eval_house_move|eval_mountain_hike|eval_volunteer_library|eval_garden_project,1.0000,1,1.6195
synthetic-life-memories-v1,q_seaside,512,bm25,10,eval_beach_trip,eval_beach_trip|eval_house_move|eval_mountain_hike|eval_volunteer_library|eval_garden_project|eval_online_course|eval_train_trip|eval_first_job|eval_school_entrance|eval_school_graduation,1.0000,1,1.6195
synthetic-life-memories-v1,q_relocation,512,bm25,3,eval_house_move,eval_beach_trip|eval_house_move|eval_mountain_hike,1.0000,1,2.4117
synthetic-life-memories-v1,q_relocation,512,bm25,5,eval_house_move,eval_beach_trip|eval_house_move|eval_mountain_hike|eval_volunteer_library|eval_garden_project,1.0000,1,2.4117
synthetic-life-memories-v1,q_relocation,512,bm25,10,eval_house_move,eval_beach_trip|eval_house_move|eval_mountain_hike|eval_volunteer_library|eval_garden_project|eval_online_course|eval_train_trip|eval_first_job|eval_school_entrance|eval_school_graduation,1.0000,1,2.4117
synthetic-life-memories-v1,q_library,512,bm25,3,eval_volunteer_library,eval_garden_project|eval_online_course|eval_volunteer_library,1.0000,1,1.4145
synthetic-life-memories-v1,q_library,512,bm25,5,eval_volunteer_library,eval_garden_project|eval_online_course|eval_volunteer_library|eval_train_trip|eval_house_move,1.0000,1,1.4145
synthetic-life-memories-v1,q_library,512,bm25,10,eval_volunteer_library,eval_garden_project|eval_online_course|eval_volunteer_library|eval_train_trip|eval_house_move|eval_beach_trip|eval_mountain_hike|eval_running_event|eval_first_job|eval_school_entrance,1.0000,1,1.4145
synthetic-life-memories-v1,q_programming,512,bm25,3,eval_online_course,eval_garden_project|eval_online_course|eval_volunteer_library,1.0000,1,0.8391
synthetic-life-memories-v1,q_programming,512,bm25,5,eval_online_course,eval_garden_project|eval_online_course|eval_volunteer_library|eval_first_job|eval_school_entrance,1.0000,1,0.8391
synthetic-life-memories-v1,q_programming,512,bm25,10,eval_online_course,eval_garden_project|eval_online_course|eval_volunteer_library|eval_first_job|eval_school_entrance|eval_school_graduation|eval_train_trip|eval_cooking_class|eval_house_move|eval_beach_trip,1.0000,1,0.8391
synthetic-life-memories-v1,q_gardening,512,bm25,3,eval_garden_project,eval_garden_project|eval_online_course|eval_volunteer_library,1.0000,1,0.8284
synthetic-life-memories-v1,q_gardening,512,bm25,5,eval_garden_project,eval_garden_project|eval_online_course|eval_volunteer_library|eval_train_trip|eval_house_move,1.0000,1,0.8284
synthetic-life-memories-v1,q_gardening,512,bm25,10,eval_garden_project,eval_garden_project|eval_online_course|eval_volunteer_library|eval_train_trip|eval_house_move|eval_beach_trip|eval_mountain_hike|eval_first_job|eval_school_entrance|eval_school_graduation,1.0000,1,0.8284
synthetic-life-memories-v1,q_running,512,bm25,3,eval_running_event,eval_running_event|eval_beach_trip|eval_house_move,1.0000,1,0.7662
synthetic-life-memories-v1,q_running,512,bm25,5,eval_running_event,eval_running_event|eval_beach_trip|eval_house_move|eval_mountain_hike|eval_train_trip,1.0000,1,0.7662
synthetic-life-memories-v1,q_running,512,bm25,10,eval_running_event,eval_running_event|eval_beach_trip|eval_house_move|eval_mountain_hike|eval_train_trip|eval_volunteer_library|eval_first_job|eval_school_entrance|eval_school_graduation|eval_garden_project,1.0000,1,0.7662
synthetic-life-memories-v1,q_school_graduation,512,hybrid,3,eval_school_graduation,eval_first_job|eval_school_entrance|eval_school_graduation,1.0000,1,1.3300
synthetic-life-memories-v1,q_school_graduation,512,hybrid,5,eval_school_graduation,eval_first_job|eval_school_entrance|eval_school_graduation|eval_running_event|eval_beach_trip,1.0000,1,1.3300
synthetic-life-memories-v1,q_school_graduation,512,hybrid,10,eval_school_graduation,eval_first_job|eval_school_entrance|eval_school_graduation|eval_running_event|eval_beach_trip|eval_house_move|eval_mountain_hike|eval_volunteer_library|eval_garden_project|eval_online_course,1.0000,1,1.3300
synthetic-life-memories-v1,q_first_work,512,hybrid,3,eval_first_job,eval_first_job|eval_school_entrance|eval_school_graduation,1.0000,1,1.2523
synthetic-life-memories-v1,q_first_work,512,hybrid,5,eval_first_job,eval_first_job|eval_school_entrance|eval_school_graduation|eval_garden_project|eval_online_course,1.0000,1,1.2523
synthetic-life-memories-v1,q_first_work,512,hybrid,10,eval_first_job,eval_first_job|eval_school_entrance|eval_school_graduation|eval_garden_project|eval_online_course|eval_volunteer_library|eval_running_event|eval_train_trip|eval_house_move|eval_beach_trip,1.0000,1,1.2523
synthetic-life-memories-v1,q_seaside,512,hybrid,3,eval_beach_trip,eval_beach_trip|eval_house_move|eval_mountain_hike,1.0000,1,1.5864
synthetic-life-memories-v1,q_seaside,512,hybrid,5,eval_beach_trip,eval_beach_trip|eval_house_move|eval_mountain_hike|eval_volunteer_library|eval_garden_project,1.0000,1,1.5864
synthetic-life-memories-v1,q_seaside,512,hybrid,10,eval_beach_trip,eval_beach_trip|eval_house_move|eval_mountain_hike|eval_volunteer_library|eval_garden_project|eval_online_course|eval_first_job|eval_school_entrance|eval_school_graduation|eval_train_trip,1.0000,1,1.5864
synthetic-life-memories-v1,q_relocation,512,hybrid,3,eval_house_move,eval_beach_trip|eval_house_move|eval_mountain_hike,1.0000,1,1.3535
synthetic-life-memories-v1,q_relocation,512,hybrid,5,eval_house_move,eval_beach_trip|eval_house_move|eval_mountain_hike|eval_volunteer_library|eval_garden_project,1.0000,1,1.3535
synthetic-life-memories-v1,q_relocation,512,hybrid,10,eval_house_move,eval_beach_trip|eval_house_move|eval_mountain_hike|eval_volunteer_library|eval_garden_project|eval_online_course|eval_first_job|eval_school_entrance|eval_school_graduation|eval_train_trip,1.0000,1,1.3535
synthetic-life-memories-v1,q_library,512,hybrid,3,eval_volunteer_library,eval_garden_project|eval_online_course|eval_volunteer_library,1.0000,1,1.2647
synthetic-life-memories-v1,q_library,512,hybrid,5,eval_volunteer_library,eval_garden_project|eval_online_course|eval_volunteer_library|eval_house_move|eval_beach_trip,1.0000,1,1.2647
synthetic-life-memories-v1,q_library,512,hybrid,10,eval_volunteer_library,eval_garden_project|eval_online_course|eval_volunteer_library|eval_house_move|eval_beach_trip|eval_mountain_hike|eval_train_trip|eval_running_event|eval_first_job|eval_school_entrance,1.0000,1,1.2647
synthetic-life-memories-v1,q_programming,512,hybrid,3,eval_online_course,eval_garden_project|eval_online_course|eval_volunteer_library,1.0000,1,1.2632
synthetic-life-memories-v1,q_programming,512,hybrid,5,eval_online_course,eval_garden_project|eval_online_course|eval_volunteer_library|eval_first_job|eval_school_entrance,1.0000,1,1.2632
synthetic-life-memories-v1,q_programming,512,hybrid,10,eval_online_course,eval_garden_project|eval_online_course|eval_volunteer_library|eval_first_job|eval_school_entrance|eval_school_graduation|eval_train_trip|eval_house_move|eval_beach_trip|eval_mountain_hike,1.0000,1,1.2632
synthetic-life-memories-v1,q_gardening,512,hybrid,3,eval_garden_project,eval_garden_project|eval_online_course|eval_volunteer_library,1.0000,1,1.5058
synthetic-life-memories-v1,q_gardening,512,hybrid,5,eval_garden_project,eval_garden_project|eval_online_course|eval_volunteer_library|eval_house_move|eval_beach_trip,1.0000,1,1.5058
synthetic-life-memories-v1,q_gardening,512,hybrid,10,eval_garden_project,eval_garden_project|eval_online_course|eval_volunteer_library|eval_house_move|eval_beach_trip|eval_mountain_hike|eval_train_trip|eval_first_job|eval_school_entrance|eval_school_graduation,1.0000,1,1.5058
synthetic-life-memories-v1,q_running,512,hybrid,3,eval_running_event,eval_running_event|eval_beach_trip|eval_house_move,1.0000,1,1.4913
synthetic-life-memories-v1,q_running,512,hybrid,5,eval_running_event,eval_running_event|eval_beach_trip|eval_house_move|eval_mountain_hike|eval_first_job,1.0000,1,1.4913
synthetic-life-memories-v1,q_running,512,hybrid,10,eval_running_event,eval_running_event|eval_beach_trip|eval_house_move|eval_mountain_hike|eval_first_job|eval_school_entrance|eval_school_graduation|eval_volunteer_library|eval_garden_project|eval_online_course,1.0000,1,1.4913
synthetic-life-memories-v1,q_school_graduation,1024,alias,3,eval_school_graduation,eval_beach_trip|eval_cooking_class|eval_first_job,0.0000,0,0.5489
synthetic-life-memories-v1,q_school_graduation,1024,alias,5,eval_school_graduation,eval_beach_trip|eval_cooking_class|eval_first_job|eval_house_move|eval_mountain_hike,0.0000,0,0.5489
synthetic-life-memories-v1,q_school_graduation,1024,alias,10,eval_school_graduation,eval_beach_trip|eval_cooking_class|eval_first_job|eval_house_move|eval_mountain_hike|eval_school_entrance|eval_school_graduation|eval_volunteer_library|eval_garden_project|eval_online_course,1.0000,1,0.5489
synthetic-life-memories-v1,q_first_work,1024,alias,3,eval_first_job,eval_garden_project|eval_online_course|eval_running_event,0.0000,0,0.4316
synthetic-life-memories-v1,q_first_work,1024,alias,5,eval_first_job,eval_garden_project|eval_online_course|eval_running_event|eval_train_trip|eval_volunteer_library,0.0000,0,0.4316
synthetic-life-memories-v1,q_first_work,1024,alias,10,eval_first_job,eval_garden_project|eval_online_course|eval_running_event|eval_train_trip|eval_volunteer_library|eval_house_move|eval_beach_trip|eval_cooking_class|eval_first_job|eval_mountain_hike,1.0000,1,0.4316
synthetic-life-memories-v1,q_seaside,1024,alias,3,eval_beach_trip,eval_beach_trip|eval_cooking_class|eval_first_job,1.0000,1,0.4179
synthetic-life-memories-v1,q_seaside,1024,alias,5,eval_beach_trip,eval_beach_trip|eval_cooking_class|eval_first_job|eval_house_move|eval_mountain_hike,1.0000,1,0.4179
synthetic-life-memories-v1,q_seaside,1024,alias,10,eval_beach_trip,eval_beach_trip|eval_cooking_class|eval_first_job|eval_house_move|eval_mountain_hike|eval_school_entrance|eval_school_graduation|eval_volunteer_library|eval_garden_project|eval_online_course,1.0000,1,0.4179
synthetic-life-memories-v1,q_relocation,1024,alias,3,eval_house_move,eval_beach_trip|eval_cooking_class|eval_first_job,0.0000,0,0.3989
synthetic-life-memories-v1,q_relocation,1024,alias,5,eval_house_move,eval_beach_trip|eval_cooking_class|eval_first_job|eval_house_move|eval_mountain_hike,1.0000,1,0.3989
synthetic-life-memories-v1,q_relocation,1024,alias,10,eval_house_move,eval_beach_trip|eval_cooking_class|eval_first_job|eval_house_move|eval_mountain_hike|eval_school_entrance|eval_school_graduation|eval_volunteer_library|eval_garden_project|eval_online_course,1.0000,1,0.3989
synthetic-life-memories-v1,q_library,1024,alias,3,eval_volunteer_library,eval_garden_project|eval_online_course|eval_running_event,0.0000,0,0.4031
synthetic-life-memories-v1,q_library,1024,alias,5,eval_volunteer_library,eval_garden_project|eval_online_course|eval_running_event|eval_train_trip|eval_volunteer_library,1.0000,1,0.4031
synthetic-life-memories-v1,q_library,1024,alias,10,eval_volunteer_library,eval_garden_project|eval_online_course|eval_running_event|eval_train_trip|eval_volunteer_library|eval_house_move|eval_beach_trip|eval_cooking_class|eval_first_job|eval_mountain_hike,1.0000,1,0.4031
synthetic-life-memories-v1,q_programming,1024,alias,3,eval_online_course,eval_beach_trip|eval_cooking_class|eval_first_job,0.0000,0,0.4084
synthetic-life-memories-v1,q_programming,1024,alias,5,eval_online_course,eval_beach_trip|eval_cooking_class|eval_first_job|eval_house_move|eval_mountain_hike,0.0000,0,0.4084
synthetic-life-memories-v1,q_programming,1024,alias,10,eval_online_course,eval_beach_trip|eval_cooking_class|eval_first_job|eval_house_move|eval_mountain_hike|eval_school_entrance|eval_school_graduation|eval_volunteer_library|eval_garden_project|eval_online_course,1.0000,1,0.4084
synthetic-life-memories-v1,q_gardening,1024,alias,3,eval_garden_project,eval_garden_project|eval_online_course|eval_running_event,1.0000,1,0.3975
synthetic-life-memories-v1,q_gardening,1024,alias,5,eval_garden_project,eval_garden_project|eval_online_course|eval_running_event|eval_train_trip|eval_volunteer_library,1.0000,1,0.3975
synthetic-life-memories-v1,q_gardening,1024,alias,10,eval_garden_project,eval_garden_project|eval_online_course|eval_running_event|eval_train_trip|eval_volunteer_library|eval_house_move|eval_beach_trip|eval_cooking_class|eval_first_job|eval_mountain_hike,1.0000,1,0.3975
synthetic-life-memories-v1,q_running,1024,alias,3,eval_running_event,eval_garden_project|eval_online_course|eval_running_event,1.0000,1,0.4065
synthetic-life-memories-v1,q_running,1024,alias,5,eval_running_event,eval_garden_project|eval_online_course|eval_running_event|eval_train_trip|eval_volunteer_library,1.0000,1,0.4065
synthetic-life-memories-v1,q_running,1024,alias,10,eval_running_event,eval_garden_project|eval_online_course|eval_running_event|eval_train_trip|eval_volunteer_library|eval_house_move|eval_beach_trip|eval_cooking_class|eval_first_job|eval_mountain_hike,1.0000,1,0.4065
synthetic-life-memories-v1,q_school_graduation,1024,mmr,3,eval_school_graduation,eval_beach_trip|eval_cooking_class|eval_first_job,0.0000,0,0.5147
synthetic-life-memories-v1,q_school_graduation,1024,mmr,5,eval_school_graduation,eval_beach_trip|eval_cooking_class|eval_first_job|eval_house_move|eval_mountain_hike,0.0000,0,0.5147
synthetic-life-memories-v1,q_school_graduation,1024,mmr,10,eval_school_graduation,eval_beach_trip|eval_cooking_class|eval_first_job|eval_house_move|eval_mountain_hike|eval_school_entrance|eval_school_graduation|eval_volunteer_library|eval_garden_project|eval_online_course,1.0000,1,0.5147
synthetic-life-memories-v1,q_first_work,1024,mmr,3,eval_first_job,eval_garden_project|eval_online_course|eval_running_event,0.0000,0,0.5408
synthetic-life-memories-v1,q_first_work,1024,mmr,5,eval_first_job,eval_garden_project|eval_online_course|eval_running_event|eval_train_trip|eval_volunteer_library,0.0000,0,0.5408
synthetic-life-memories-v1,q_first_work,1024,mmr,10,eval_first_job,eval_garden_project|eval_online_course|eval_running_event|eval_train_trip|eval_volunteer_library|eval_house_move|eval_beach_trip|eval_cooking_class|eval_first_job|eval_mountain_hike,1.0000,1,0.5408
synthetic-life-memories-v1,q_seaside,1024,mmr,3,eval_beach_trip,eval_beach_trip|eval_cooking_class|eval_first_job,1.0000,1,0.5039
synthetic-life-memories-v1,q_seaside,1024,mmr,5,eval_beach_trip,eval_beach_trip|eval_cooking_class|eval_first_job|eval_house_move|eval_mountain_hike,1.0000,1,0.5039
synthetic-life-memories-v1,q_seaside,1024,mmr,10,eval_beach_trip,eval_beach_trip|eval_cooking_class|eval_first_job|eval_house_move|eval_mountain_hike|eval_school_entrance|eval_school_graduation|eval_volunteer_library|eval_garden_project|eval_online_course,1.0000,1,0.5039
synthetic-life-memories-v1,q_relocation,1024,mmr,3,eval_house_move,eval_beach_trip|eval_cooking_class|eval_first_job,0.0000,0,0.5159
synthetic-life-memories-v1,q_relocation,1024,mmr,5,eval_house_move,eval_beach_trip|eval_cooking_class|eval_first_job|eval_house_move|eval_mountain_hike,1.0000,1,0.5159
synthetic-life-memories-v1,q_relocation,1024,mmr,10,eval_house_move,eval_beach_trip|eval_cooking_class|eval_first_job|eval_house_move|eval_mountain_hike|eval_school_entrance|eval_school_graduation|eval_volunteer_library|eval_garden_project|eval_online_course,1.0000,1,0.5159
synthetic-life-memories-v1,q_library,1024,mmr,3,eval_volunteer_library,eval_garden_project|eval_online_course|eval_running_event,0.0000,0,0.5752
synthetic-life-memories-v1,q_library,1024,mmr,5,eval_volunteer_library,eval_garden_project|eval_online_course|eval_running_event|eval_train_trip|eval_volunteer_library,1.0000,1,0.5752
synthetic-life-memories-v1,q_library,1024,mmr,10,eval_volunteer_library,eval_garden_project|eval_online_course|eval_running_event|eval_train_trip|eval_volunteer_library|eval_house_move|eval_beach_trip|eval_cooking_class|eval_first_job|eval_mountain_hike,1.0000,1,0.5752
synthetic-life-memories-v1,q_programming,1024,mmr,3,eval_online_course,eval_beach_trip|eval_cooking_class|eval_first_job,0.0000,0,0.5254
synthetic-life-memories-v1,q_programming,1024,mmr,5,eval_online_course,eval_beach_trip|eval_cooking_class|eval_first_job|eval_house_move|eval_mountain_hike,0.0000,0,0.5254
synthetic-life-memories-v1,q_programming,1024,mmr,10,eval_online_course,eval_beach_trip|eval_cooking_class|eval_first_job|eval_house_move|eval_mountain_hike|eval_school_entrance|eval_school_graduation|eval_volunteer_library|eval_garden_project|eval_online_course,1.0000,1,0.5254
synthetic-life-memories-v1,q_gardening,1024,mmr,3,eval_garden_project,eval_garden_project|eval_online_course|eval_running_event,1.0000,1,0.5171
synthetic-life-memories-v1,q_gardening,1024,mmr,5,eval_garden_project,eval_garden_project|eval_online_course|eval_running_event|eval_train_trip|eval_volunteer_library,1.0000,1,0.5171
synthetic-life-memories-v1,q_gardening,1024,mmr,10,eval_garden_project,eval_garden_project|eval_online_course|eval_running_event|eval_train_trip|eval_volunteer_library|eval_house_move|eval_beach_trip|eval_cooking_class|eval_first_job|eval_mountain_hike,1.0000,1,0.5171
synthetic-life-memories-v1,q_running,1024,mmr,3,eval_running_event,eval_garden_project|eval_online_course|eval_running_event,1.0000,1,0.5243
synthetic-life-memories-v1,q_running,1024,mmr,5,eval_running_event,eval_garden_project|eval_online_course|eval_running_event|eval_train_trip|eval_volunteer_library,1.0000,1,0.5243
synthetic-life-memories-v1,q_running,1024,mmr,10,eval_running_event,eval_garden_project|eval_online_course|eval_running_event|eval_train_trip|eval_volunteer_library|eval_house_move|eval_beach_trip|eval_cooking_class|eval_first_job|eval_mountain_hike,1.0000,1,0.5243
synthetic-life-memories-v1,q_school_graduation,1024,bm25,3,eval_school_graduation,eval_beach_trip|eval_cooking_class|eval_first_job,0.0000,0,0.8138
synthetic-life-memories-v1,q_school_graduation,1024,bm25,5,eval_school_graduation,eval_beach_trip|eval_cooking_class|eval_first_job|eval_house_move|eval_mountain_hike,0.0000,0,0.8138
synthetic-life-memories-v1,q_school_graduation,1024,bm25,10,eval_school_graduation,eval_beach_trip|eval_cooking_class|eval_first_job|eval_house_move|eval_mountain_hike|eval_school_entrance|eval_school_graduation|eval_volunteer_library|eval_garden_project|eval_online_course,1.0000,1,0.8138
synthetic-life-memories-v1,q_first_work,1024,bm25,3,eval_first_job,eval_garden_project|eval_online_course|eval_running_event,0.0000,0,0.7603
synthetic-life-memories-v1,q_first_work,1024,bm25,5,eval_first_job,eval_garden_project|eval_online_course|eval_running_event|eval_train_trip|eval_volunteer_library,0.0000,0,0.7603
synthetic-life-memories-v1,q_first_work,1024,bm25,10,eval_first_job,eval_garden_project|eval_online_course|eval_running_event|eval_train_trip|eval_volunteer_library|eval_house_move|eval_beach_trip|eval_cooking_class|eval_first_job|eval_mountain_hike,1.0000,1,0.7603
synthetic-life-memories-v1,q_seaside,1024,bm25,3,eval_beach_trip,eval_beach_trip|eval_cooking_class|eval_first_job,1.0000,1,0.7396
synthetic-life-memories-v1,q_seaside,1024,bm25,5,eval_beach_trip,eval_beach_trip|eval_cooking_class|eval_first_job|eval_house_move|eval_mountain_hike,1.0000,1,0.7396
synthetic-life-memories-v1,q_seaside,1024,bm25,10,eval_beach_trip,eval_beach_trip|eval_cooking_class|eval_first_job|eval_house_move|eval_mountain_hike|eval_school_entrance|eval_school_graduation|eval_volunteer_library|eval_garden_project|eval_online_course,1.0000,1,0.7396
synthetic-life-memories-v1,q_relocation,1024,bm25,3,eval_house_move,eval_beach_trip|eval_cooking_class|eval_first_job,0.0000,0,0.7623
synthetic-life-memories-v1,q_relocation,1024,bm25,5,eval_house_move,eval_beach_trip|eval_cooking_class|eval_first_job|eval_house_move|eval_mountain_hike,1.0000,1,0.7623
synthetic-life-memories-v1,q_relocation,1024,bm25,10,eval_house_move,eval_beach_trip|eval_cooking_class|eval_first_job|eval_house_move|eval_mountain_hike|eval_school_entrance|eval_school_graduation|eval_volunteer_library|eval_garden_project|eval_online_course,1.0000,1,0.7623
synthetic-life-memories-v1,q_library,1024,bm25,3,eval_volunteer_library,eval_garden_project|eval_online_course|eval_running_event,0.0000,0,0.7476
synthetic-life-memories-v1,q_library,1024,bm25,5,eval_volunteer_library,eval_garden_project|eval_online_course|eval_running_event|eval_train_trip|eval_volunteer_library,1.0000,1,0.7476
synthetic-life-memories-v1,q_library,1024,bm25,10,eval_volunteer_library,eval_garden_project|eval_online_course|eval_running_event|eval_train_trip|eval_volunteer_library|eval_house_move|eval_beach_trip|eval_cooking_class|eval_first_job|eval_mountain_hike,1.0000,1,0.7476
synthetic-life-memories-v1,q_programming,1024,bm25,3,eval_online_course,eval_garden_project|eval_online_course|eval_running_event,1.0000,1,0.7746
synthetic-life-memories-v1,q_programming,1024,bm25,5,eval_online_course,eval_garden_project|eval_online_course|eval_running_event|eval_train_trip|eval_volunteer_library,1.0000,1,0.7746
synthetic-life-memories-v1,q_programming,1024,bm25,10,eval_online_course,eval_garden_project|eval_online_course|eval_running_event|eval_train_trip|eval_volunteer_library|eval_house_move|eval_beach_trip|eval_cooking_class|eval_first_job|eval_mountain_hike,1.0000,1,0.7746
synthetic-life-memories-v1,q_gardening,1024,bm25,3,eval_garden_project,eval_garden_project|eval_online_course|eval_running_event,1.0000,1,0.8758
synthetic-life-memories-v1,q_gardening,1024,bm25,5,eval_garden_project,eval_garden_project|eval_online_course|eval_running_event|eval_train_trip|eval_volunteer_library,1.0000,1,0.8758
synthetic-life-memories-v1,q_gardening,1024,bm25,10,eval_garden_project,eval_garden_project|eval_online_course|eval_running_event|eval_train_trip|eval_volunteer_library|eval_house_move|eval_beach_trip|eval_cooking_class|eval_first_job|eval_mountain_hike,1.0000,1,0.8758
synthetic-life-memories-v1,q_running,1024,bm25,3,eval_running_event,eval_garden_project|eval_online_course|eval_running_event,1.0000,1,0.7496
synthetic-life-memories-v1,q_running,1024,bm25,5,eval_running_event,eval_garden_project|eval_online_course|eval_running_event|eval_train_trip|eval_volunteer_library,1.0000,1,0.7496
synthetic-life-memories-v1,q_running,1024,bm25,10,eval_running_event,eval_garden_project|eval_online_course|eval_running_event|eval_train_trip|eval_volunteer_library|eval_house_move|eval_beach_trip|eval_cooking_class|eval_first_job|eval_mountain_hike,1.0000,1,0.7496
synthetic-life-memories-v1,q_school_graduation,1024,hybrid,3,eval_school_graduation,eval_beach_trip|eval_cooking_class|eval_first_job,0.0000,0,1.7036
synthetic-life-memories-v1,q_school_graduation,1024,hybrid,5,eval_school_graduation,eval_beach_trip|eval_cooking_class|eval_first_job|eval_house_move|eval_mountain_hike,0.0000,0,1.7036
synthetic-life-memories-v1,q_school_graduation,1024,hybrid,10,eval_school_graduation,eval_beach_trip|eval_cooking_class|eval_first_job|eval_house_move|eval_mountain_hike|eval_school_entrance|eval_school_graduation|eval_volunteer_library|eval_garden_project|eval_online_course,1.0000,1,1.7036
synthetic-life-memories-v1,q_first_work,1024,hybrid,3,eval_first_job,eval_garden_project|eval_online_course|eval_running_event,0.0000,0,1.2087
synthetic-life-memories-v1,q_first_work,1024,hybrid,5,eval_first_job,eval_garden_project|eval_online_course|eval_running_event|eval_train_trip|eval_volunteer_library,0.0000,0,1.2087
synthetic-life-memories-v1,q_first_work,1024,hybrid,10,eval_first_job,eval_garden_project|eval_online_course|eval_running_event|eval_train_trip|eval_volunteer_library|eval_house_move|eval_beach_trip|eval_cooking_class|eval_first_job|eval_mountain_hike,1.0000,1,1.2087
synthetic-life-memories-v1,q_seaside,1024,hybrid,3,eval_beach_trip,eval_beach_trip|eval_cooking_class|eval_first_job,1.0000,1,1.1967
synthetic-life-memories-v1,q_seaside,1024,hybrid,5,eval_beach_trip,eval_beach_trip|eval_cooking_class|eval_first_job|eval_house_move|eval_mountain_hike,1.0000,1,1.1967
synthetic-life-memories-v1,q_seaside,1024,hybrid,10,eval_beach_trip,eval_beach_trip|eval_cooking_class|eval_first_job|eval_house_move|eval_mountain_hike|eval_school_entrance|eval_school_graduation|eval_volunteer_library|eval_garden_project|eval_online_course,1.0000,1,1.1967
synthetic-life-memories-v1,q_relocation,1024,hybrid,3,eval_house_move,eval_beach_trip|eval_cooking_class|eval_first_job,0.0000,0,1.1716
synthetic-life-memories-v1,q_relocation,1024,hybrid,5,eval_house_move,eval_beach_trip|eval_cooking_class|eval_first_job|eval_house_move|eval_mountain_hike,1.0000,1,1.1716
synthetic-life-memories-v1,q_relocation,1024,hybrid,10,eval_house_move,eval_beach_trip|eval_cooking_class|eval_first_job|eval_house_move|eval_mountain_hike|eval_school_entrance|eval_school_graduation|eval_volunteer_library|eval_garden_project|eval_online_course,1.0000,1,1.1716
synthetic-life-memories-v1,q_library,1024,hybrid,3,eval_volunteer_library,eval_garden_project|eval_online_course|eval_running_event,0.0000,0,1.1560
synthetic-life-memories-v1,q_library,1024,hybrid,5,eval_volunteer_library,eval_garden_project|eval_online_course|eval_running_event|eval_train_trip|eval_volunteer_library,1.0000,1,1.1560
synthetic-life-memories-v1,q_library,1024,hybrid,10,eval_volunteer_library,eval_garden_project|eval_online_course|eval_running_event|eval_train_trip|eval_volunteer_library|eval_house_move|eval_beach_trip|eval_cooking_class|eval_first_job|eval_mountain_hike,1.0000,1,1.1560
synthetic-life-memories-v1,q_programming,1024,hybrid,3,eval_online_course,eval_beach_trip|eval_cooking_class|eval_first_job,0.0000,0,1.1807
synthetic-life-memories-v1,q_programming,1024,hybrid,5,eval_online_course,eval_beach_trip|eval_cooking_class|eval_first_job|eval_house_move|eval_mountain_hike,0.0000,0,1.1807
synthetic-life-memories-v1,q_programming,1024,hybrid,10,eval_online_course,eval_beach_trip|eval_cooking_class|eval_first_job|eval_house_move|eval_mountain_hike|eval_school_entrance|eval_school_graduation|eval_volunteer_library|eval_garden_project|eval_online_course,1.0000,1,1.1807
synthetic-life-memories-v1,q_gardening,1024,hybrid,3,eval_garden_project,eval_garden_project|eval_online_course|eval_running_event,1.0000,1,1.1753
synthetic-life-memories-v1,q_gardening,1024,hybrid,5,eval_garden_project,eval_garden_project|eval_online_course|eval_running_event|eval_train_trip|eval_volunteer_library,1.0000,1,1.1753
synthetic-life-memories-v1,q_gardening,1024,hybrid,10,eval_garden_project,eval_garden_project|eval_online_course|eval_running_event|eval_train_trip|eval_volunteer_library|eval_house_move|eval_beach_trip|eval_cooking_class|eval_first_job|eval_mountain_hike,1.0000,1,1.1753
synthetic-life-memories-v1,q_running,1024,hybrid,3,eval_running_event,eval_garden_project|eval_online_course|eval_running_event,1.0000,1,1.1515
synthetic-life-memories-v1,q_running,1024,hybrid,5,eval_running_event,eval_garden_project|eval_online_course|eval_running_event|eval_train_trip|eval_volunteer_library,1.0000,1,1.1515
synthetic-life-memories-v1,q_running,1024,hybrid,10,eval_running_event,eval_garden_project|eval_online_course|eval_running_event|eval_train_trip|eval_volunteer_library|eval_house_move|eval_beach_trip|eval_cooking_class|eval_first_job|eval_mountain_hike,1.0000,1,1.1515
synthetic-life-memories-v1,q_school_graduation,oracle,alias,3,eval_school_graduation,eval_school_entrance|eval_school_graduation|eval_first_job,1.0000,1,0.5566
synthetic-life-memories-v1,q_school_graduation,oracle,alias,5,eval_school_graduation,eval_school_entrance|eval_school_graduation|eval_first_job|eval_beach_trip|eval_train_trip,1.0000,1,0.5566
synthetic-life-memories-v1,q_school_graduation,oracle,alias,10,eval_school_graduation,eval_school_entrance|eval_school_graduation|eval_first_job|eval_beach_trip|eval_train_trip|eval_house_move|eval_online_course|eval_running_event|eval_cooking_class|eval_mountain_hike,1.0000,1,0.5566
synthetic-life-memories-v1,q_first_work,oracle,alias,3,eval_first_job,eval_school_entrance|eval_first_job|eval_volunteer_library,1.0000,1,0.5237
synthetic-life-memories-v1,q_first_work,oracle,alias,5,eval_first_job,eval_school_entrance|eval_first_job|eval_volunteer_library|eval_garden_project|eval_running_event,1.0000,1,0.5237
synthetic-life-memories-v1,q_first_work,oracle,alias,10,eval_first_job,eval_school_entrance|eval_first_job|eval_volunteer_library|eval_garden_project|eval_running_event|eval_school_graduation|eval_cooking_class|eval_beach_trip|eval_mountain_hike|eval_house_move,1.0000,1,0.5237
synthetic-life-memories-v1,q_seaside,oracle,alias,3,eval_beach_trip,eval_beach_trip|eval_cooking_class|eval_house_move,1.0000,1,0.4984
synthetic-life-memories-v1,q_seaside,oracle,alias,5,eval_beach_trip,eval_beach_trip|eval_cooking_class|eval_house_move|eval_school_graduation|eval_train_trip,1.0000,1,0.4984
synthetic-life-memories-v1,q_seaside,oracle,alias,10,eval_beach_trip,eval_beach_trip|eval_cooking_class|eval_house_move|eval_school_graduation|eval_train_trip|eval_mountain_hike|eval_volunteer_library|eval_online_course|eval_school_entrance|eval_first_job,1.0000,1,0.4984
synthetic-life-memories-v1,q_relocation,oracle,alias,3,eval_house_move,eval_house_move|eval_first_job|eval_volunteer_library,1.0000,1,0.4965
synthetic-life-memories-v1,q_relocation,oracle,alias,5,eval_house_move,eval_house_move|eval_first_job|eval_volunteer_library|eval_online_course|eval_running_event,1.0000,1,0.4965
synthetic-life-memories-v1,q_relocation,oracle,alias,10,eval_house_move,eval_house_move|eval_first_job|eval_volunteer_library|eval_online_course|eval_running_event|eval_mountain_hike|eval_school_entrance|eval_school_graduation|eval_beach_trip|eval_cooking_class,1.0000,1,0.4965
synthetic-life-memories-v1,q_library,oracle,alias,3,eval_volunteer_library,eval_volunteer_library|eval_school_entrance|eval_school_graduation,1.0000,1,0.4764
synthetic-life-memories-v1,q_library,oracle,alias,5,eval_volunteer_library,eval_volunteer_library|eval_school_entrance|eval_school_graduation|eval_first_job|eval_cooking_class,1.0000,1,0.4764
synthetic-life-memories-v1,q_library,oracle,alias,10,eval_volunteer_library,eval_volunteer_library|eval_school_entrance|eval_school_graduation|eval_first_job|eval_cooking_class|eval_beach_trip|eval_mountain_hike|eval_house_move|eval_online_course|eval_garden_project,1.0000,1,0.4764
synthetic-life-memories-v1,q_programming,oracle,alias,3,eval_online_course,eval_online_course|eval_cooking_class|eval_mountain_hike,1.0000,1,0.4903
synthetic-life-memories-v1,q_programming,oracle,alias,5,eval_online_course,eval_online_course|eval_cooking_class|eval_mountain_hike|eval_school_graduation|eval_beach_trip,1.0000,1,0.4903
synthetic-life-memories-v1,q_programming,oracle,alias,10,eval_online_course,eval_online_course|eval_cooking_class|eval_mountain_hike|eval_school_graduation|eval_beach_trip|eval_volunteer_library|eval_train_trip|eval_school_entrance|eval_first_job|eval_house_move,1.0000,1,0.4903
synthetic-life-memories-v1,q_gardening,oracle,alias,3,eval_garden_project,eval_garden_project|eval_mountain_hike|eval_volunteer_library,1.0000,1,0.4791
synthetic-life-memories-v1,q_gardening,oracle,alias,5,eval_garden_project,eval_garden_project|eval_mountain_hike|eval_volunteer_library|eval_online_course|eval_cooking_class,1.0000,1,0.4791
synthetic-life-memories-v1,q_gardening,oracle,alias,10,eval_garden_project,eval_garden_project|eval_mountain_hike|eval_volunteer_library|eval_online_course|eval_cooking_class|eval_school_graduation|eval_beach_trip|eval_train_trip|eval_house_move|eval_school_entrance,1.0000,1,0.4791
synthetic-life-memories-v1,q_running,oracle,alias,3,eval_running_event,eval_running_event|eval_mountain_hike|eval_school_entrance,1.0000,1,0.4834
synthetic-life-memories-v1,q_running,oracle,alias,5,eval_running_event,eval_running_event|eval_mountain_hike|eval_school_entrance|eval_school_graduation|eval_first_job,1.0000,1,0.4834
synthetic-life-memories-v1,q_running,oracle,alias,10,eval_running_event,eval_running_event|eval_mountain_hike|eval_school_entrance|eval_school_graduation|eval_first_job|eval_cooking_class|eval_beach_trip|eval_house_move|eval_volunteer_library|eval_online_course,1.0000,1,0.4834
synthetic-life-memories-v1,q_school_graduation,oracle,mmr,3,eval_school_graduation,eval_school_entrance|eval_first_job|eval_train_trip,0.0000,0,11.8978
synthetic-life-memories-v1,q_school_graduation,oracle,mmr,5,eval_school_graduation,eval_school_entrance|eval_first_job|eval_train_trip|eval_running_event|eval_beach_trip,0.0000,0,11.8978
synthetic-life-memories-v1,q_school_graduation,oracle,mmr,10,eval_school_graduation,eval_school_entrance|eval_first_job|eval_train_trip|eval_running_event|eval_beach_trip|eval_school_graduation|eval_house_move|eval_garden_project|eval_online_course|eval_cooking_class,1.0000,1,11.8978
synthetic-life-memories-v1,q_first_work,oracle,mmr,3,eval_first_job,eval_school_entrance|eval_first_job|eval_running_event,1.0000,1,12.2597
synthetic-life-memories-v1,q_first_work,oracle,mmr,5,eval_first_job,eval_school_entrance|eval_first_job|eval_running_event|eval_garden_project|eval_volunteer_library,1.0000,1,12.2597
synthetic-life-memories-v1,q_first_work,oracle,mmr,10,eval_first_job,eval_school_entrance|eval_first_job|eval_running_event|eval_garden_project|eval_volunteer_library|eval_train_trip|eval_cooking_class|eval_mountain_hike|eval_beach_trip|eval_online_course,1.0000,1,12.2597
synthetic-life-memories-v1,q_seaside,oracle,mmr,3,eval_beach_trip,eval_beach_trip|eval_cooking_class|eval_house_move,1.0000,1,10.6395
synthetic-life-memories-v1,q_seaside,oracle,mmr,5,eval_beach_trip,eval_beach_trip|eval_cooking_class|eval_house_move|eval_school_graduation|eval_train_trip,1.0000,1,10.6395
synthetic-life-memories-v1,q_seaside,oracle,mmr,10,eval_beach_trip,eval_beach_trip|eval_cooking_class|eval_house_move|eval_school_graduation|eval_train_trip|eval_mountain_hike|eval_volunteer_library|eval_running_event|eval_online_course|eval_garden_project,1.0000,1,10.6395
synthetic-life-memories-v1,q_relocation,oracle,mmr,3,eval_house_move,eval_house_move|eval_first_job|eval_running_event,1.0000,1,7.4543
synthetic-life-memories-v1,q_relocation,oracle,mmr,5,eval_house_move,eval_house_move|eval_first_job|eval_running_event|eval_volunteer_library|eval_online_course,1.0000,1,7.4543
synthetic-life-memories-v1,q_relocation,oracle,mmr,10,eval_house_move,eval_house_move|eval_first_job|eval_running_event|eval_volunteer_library|eval_online_course|eval_school_entrance|eval_mountain_hike|eval_garden_project|eval_beach_trip|eval_train_trip,1.0000,1,7.4543
synthetic-life-memories-v1,q_library,oracle,mmr,3,eval_volunteer_library,eval_volunteer_library|eval_running_event|eval_train_trip,1.0000,1,6.2423
synthetic-life-memories-v1,q_library,oracle,mmr,5,eval_volunteer_library,eval_volunteer_library|eval_running_event|eval_train_trip|eval_garden_project|eval_cooking_class,1.0000,1,6.2423
synthetic-life-memories-v1,q_library,oracle,mmr,10,eval_volunteer_library,eval_volunteer_library|eval_running_event|eval_train_trip|eval_garden_project|eval_cooking_class|eval_school_entrance|eval_beach_trip|eval_online_course|eval_mountain_hike|eval_first_job,1.0000,1,6.2423
synthetic-life-memories-v1,q_programming,oracle,mmr,3,eval_online_course,eval_online_course|eval_cooking_class|eval_beach_trip,1.0000,1,6.4872
synthetic-life-memories-v1,q_programming,oracle,mmr,5,eval_online_course,eval_online_course|eval_cooking_class|eval_beach_trip|eval_school_graduation|eval_volunteer_library,1.0000,1,6.4872
synthetic-life-memories-v1,q_programming,oracle,mmr,10,eval_online_course,eval_online_course|eval_cooking_class|eval_beach_trip|eval_school_graduation|eval_volunteer_library|eval_mountain_hike|eval_train_trip|eval_running_event|eval_garden_project|eval_first_job,1.0000,1,6.4872
synthetic-life-memories-v1,q_gardening,oracle,mmr,3,eval_garden_project,eval_garden_project|eval_mountain_hike|eval_volunteer_library,1.0000,1,6.3032
synthetic-life-memories-v1,q_gardening,oracle,mmr,5,eval_garden_project,eval_garden_project|eval_mountain_hike|eval_volunteer_library|eval_beach_trip|eval_online_course,1.0000,1,6.3032
synthetic-life-memories-v1,q_gardening,oracle,mmr,10,eval_garden_project,eval_garden_project|eval_mountain_hike|eval_volunteer_library|eval_beach_trip|eval_online_course|eval_school_graduation|eval_cooking_class|eval_train_trip|eval_running_event|eval_house_move,1.0000,1,6.3032
synthetic-life-memories-v1,q_running,oracle,mmr,3,eval_running_event,eval_running_event|eval_mountain_hike|eval_first_job,1.0000,1,6.3347
synthetic-life-memories-v1,q_running,oracle,mmr,5,eval_running_event,eval_running_event|eval_mountain_hike|eval_first_job|eval_garden_project|eval_school_entrance,1.0000,1,6.3347
synthetic-life-memories-v1,q_running,oracle,mmr,10,eval_running_event,eval_running_event|eval_mountain_hike|eval_first_job|eval_garden_project|eval_school_entrance|eval_train_trip|eval_house_move|eval_cooking_class|eval_beach_trip|eval_online_course,1.0000,1,6.3347
synthetic-life-memories-v1,q_school_graduation,oracle,bm25,3,eval_school_graduation,eval_school_entrance|eval_school_graduation|eval_first_job,1.0000,1,0.9803
synthetic-life-memories-v1,q_school_graduation,oracle,bm25,5,eval_school_graduation,eval_school_entrance|eval_school_graduation|eval_first_job|eval_beach_trip|eval_online_course,1.0000,1,0.9803
synthetic-life-memories-v1,q_school_graduation,oracle,bm25,10,eval_school_graduation,eval_school_entrance|eval_school_graduation|eval_first_job|eval_beach_trip|eval_online_course|eval_train_trip|eval_house_move|eval_running_event|eval_cooking_class|eval_mountain_hike,1.0000,1,0.9803
synthetic-life-memories-v1,q_first_work,oracle,bm25,3,eval_first_job,eval_volunteer_library|eval_school_entrance|eval_garden_project,0.0000,0,0.7913
synthetic-life-memories-v1,q_first_work,oracle,bm25,5,eval_first_job,eval_volunteer_library|eval_school_entrance|eval_garden_project|eval_running_event|eval_first_job,1.0000,1,0.7913
synthetic-life-memories-v1,q_first_work,oracle,bm25,10,eval_first_job,eval_volunteer_library|eval_school_entrance|eval_garden_project|eval_running_event|eval_first_job|eval_school_graduation|eval_cooking_class|eval_beach_trip|eval_mountain_hike|eval_house_move,1.0000,1,0.7913
synthetic-life-memories-v1,q_seaside,oracle,bm25,3,eval_beach_trip,eval_beach_trip|eval_cooking_class|eval_house_move,1.0000,1,0.7865
synthetic-life-memories-v1,q_seaside,oracle,bm25,5,eval_beach_trip,eval_beach_trip|eval_cooking_class|eval_house_move|eval_train_trip|eval_school_graduation,1.0000,1,0.7865
synthetic-life-memories-v1,q_seaside,oracle,bm25,10,eval_beach_trip,eval_beach_trip|eval_cooking_class|eval_house_move|eval_train_trip|eval_school_graduation|eval_volunteer_library|eval_mountain_hike|eval_online_course|eval_school_entrance|eval_first_job,1.0000,1,0.7865
synthetic-life-memories-v1,q_relocation,oracle,bm25,3,eval_house_move,eval_house_move|eval_volunteer_library|eval_first_job,1.0000,1,0.7828
synthetic-life-memories-v1,q_relocation,oracle,bm25,5,eval_house_move,eval_house_move|eval_volunteer_library|eval_first_job|eval_online_course|eval_school_entrance,1.0000,1,0.7828
synthetic-life-memories-v1,q_relocation,oracle,bm25,10,eval_house_move,eval_house_move|eval_volunteer_library|eval_first_job|eval_online_course|eval_school_entrance|eval_running_event|eval_school_graduation|eval_mountain_hike|eval_beach_trip|eval_cooking_class,1.0000,1,0.7828
synthetic-life-memories-v1,q_library,oracle,bm25,3,eval_volunteer_library,eval_volunteer_library|eval_school_entrance|eval_school_graduation,1.0000,1,0.7714
synthetic-life-memories-v1,q_library,oracle,bm25,5,eval_volunteer_library,eval_volunteer_library|eval_school_entrance|eval_school_graduation|eval_first_job|eval_cooking_class,1.0000,1,0.7714
synthetic-life-memories-v1,q_library,oracle,bm25,10,eval_volunteer_library,eval_volunteer_library|eval_school_entrance|eval_school_graduation|eval_first_job|eval_cooking_class|eval_beach_trip|eval_mountain_hike|eval_house_move|eval_online_course|eval_garden_project,1.0000,1,0.7714
synthetic-life-memories-v1,q_programming,oracle,bm25,3,eval_online_course,eval_online_course|eval_cooking_class|eval_school_graduation,1.0000,1,0.7987
synthetic-life-memories-v1,q_programming,oracle,bm25,5,eval_online_course,eval_online_course|eval_cooking_class|eval_school_graduation|eval_volunteer_library|eval_mountain_hike,1.0000,1,0.7987
synthetic-life-memories-v1,q_programming,oracle,bm25,10,eval_online_course,eval_online_course|eval_cooking_class|eval_school_graduation|eval_volunteer_library|eval_mountain_hike|eval_beach_trip|eval_train_trip|eval_school_entrance|eval_first_job|eval_house_move,1.0000,1,0.7987
synthetic-life-memories-v1,q_gardening,oracle,bm25,3,eval_garden_project,eval_garden_project|eval_volunteer_library|eval_mountain_hike,1.0000,1,0.7989
synthetic-life-memories-v1,q_gardening,oracle,bm25,5,eval_garden_project,eval_garden_project|eval_volunteer_library|eval_mountain_hike|eval_online_course|eval_house_move,1.0000,1,0.7989
synthetic-life-memories-v1,q_gardening,oracle,bm25,10,eval_garden_project,eval_garden_project|eval_volunteer_library|eval_mountain_hike|eval_online_course|eval_house_move|eval_school_graduation|eval_cooking_class|eval_beach_trip|eval_train_trip|eval_school_entrance,1.0000,1,0.7989
synthetic-life-memories-v1,q_running,oracle,bm25,3,eval_running_event,eval_running_event|eval_mountain_hike|eval_school_entrance,1.0000,1,0.7759
synthetic-life-memories-v1,q_running,oracle,bm25,5,eval_running_event,eval_running_event|eval_mountain_hike|eval_school_entrance|eval_school_graduation|eval_first_job,1.0000,1,0.7759
synthetic-life-memories-v1,q_running,oracle,bm25,10,eval_running_event,eval_running_event|eval_mountain_hike|eval_school_entrance|eval_school_graduation|eval_first_job|eval_cooking_class|eval_beach_trip|eval_house_move|eval_volunteer_library|eval_online_course,1.0000,1,0.7759
synthetic-life-memories-v1,q_school_graduation,oracle,hybrid,3,eval_school_graduation,eval_school_entrance|eval_school_graduation|eval_first_job,1.0000,1,1.3444
synthetic-life-memories-v1,q_school_graduation,oracle,hybrid,5,eval_school_graduation,eval_school_entrance|eval_school_graduation|eval_first_job|eval_beach_trip|eval_train_trip,1.0000,1,1.3444
synthetic-life-memories-v1,q_school_graduation,oracle,hybrid,10,eval_school_graduation,eval_school_entrance|eval_school_graduation|eval_first_job|eval_beach_trip|eval_train_trip|eval_online_course|eval_house_move|eval_running_event|eval_cooking_class|eval_mountain_hike,1.0000,1,1.3444
synthetic-life-memories-v1,q_first_work,oracle,hybrid,3,eval_first_job,eval_school_entrance|eval_volunteer_library|eval_first_job,1.0000,1,1.3011
synthetic-life-memories-v1,q_first_work,oracle,hybrid,5,eval_first_job,eval_school_entrance|eval_volunteer_library|eval_first_job|eval_garden_project|eval_running_event,1.0000,1,1.3011
synthetic-life-memories-v1,q_first_work,oracle,hybrid,10,eval_first_job,eval_school_entrance|eval_volunteer_library|eval_first_job|eval_garden_project|eval_running_event|eval_school_graduation|eval_cooking_class|eval_beach_trip|eval_mountain_hike|eval_house_move,1.0000,1,1.3011
synthetic-life-memories-v1,q_seaside,oracle,hybrid,3,eval_beach_trip,eval_beach_trip|eval_cooking_class|eval_house_move,1.0000,1,1.3077
synthetic-life-memories-v1,q_seaside,oracle,hybrid,5,eval_beach_trip,eval_beach_trip|eval_cooking_class|eval_house_move|eval_school_graduation|eval_train_trip,1.0000,1,1.3077
synthetic-life-memories-v1,q_seaside,oracle,hybrid,10,eval_beach_trip,eval_beach_trip|eval_cooking_class|eval_house_move|eval_school_graduation|eval_train_trip|eval_mountain_hike|eval_volunteer_library|eval_online_course|eval_school_entrance|eval_first_job,1.0000,1,1.3077
synthetic-life-memories-v1,q_relocation,oracle,hybrid,3,eval_house_move,eval_house_move|eval_first_job|eval_volunteer_library,1.0000,1,1.2868
synthetic-life-memories-v1,q_relocation,oracle,hybrid,5,eval_house_move,eval_house_move|eval_first_job|eval_volunteer_library|eval_online_course|eval_running_event,1.0000,1,1.2868
synthetic-life-memories-v1,q_relocation,oracle,hybrid,10,eval_house_move,eval_house_move|eval_first_job|eval_volunteer_library|eval_online_course|eval_running_event|eval_school_entrance|eval_mountain_hike|eval_school_graduation|eval_beach_trip|eval_cooking_class,1.0000,1,1.2868
synthetic-life-memories-v1,q_library,oracle,hybrid,3,eval_volunteer_library,eval_volunteer_library|eval_school_entrance|eval_school_graduation,1.0000,1,1.2744
synthetic-life-memories-v1,q_library,oracle,hybrid,5,eval_volunteer_library,eval_volunteer_library|eval_school_entrance|eval_school_graduation|eval_first_job|eval_cooking_class,1.0000,1,1.2744
synthetic-life-memories-v1,q_library,oracle,hybrid,10,eval_volunteer_library,eval_volunteer_library|eval_school_entrance|eval_school_graduation|eval_first_job|eval_cooking_class|eval_beach_trip|eval_mountain_hike|eval_house_move|eval_online_course|eval_garden_project,1.0000,1,1.2744
synthetic-life-memories-v1,q_programming,oracle,hybrid,3,eval_online_course,eval_online_course|eval_cooking_class|eval_school_graduation,1.0000,1,1.4652
synthetic-life-memories-v1,q_programming,oracle,hybrid,5,eval_online_course,eval_online_course|eval_cooking_class|eval_school_graduation|eval_mountain_hike|eval_volunteer_library,1.0000,1,1.4652
synthetic-life-memories-v1,q_programming,oracle,hybrid,10,eval_online_course,eval_online_course|eval_cooking_class|eval_school_graduation|eval_mountain_hike|eval_volunteer_library|eval_beach_trip|eval_train_trip|eval_school_entrance|eval_first_job|eval_house_move,1.0000,1,1.4652
synthetic-life-memories-v1,q_gardening,oracle,hybrid,3,eval_garden_project,eval_garden_project|eval_mountain_hike|eval_volunteer_library,1.0000,1,1.3190
synthetic-life-memories-v1,q_gardening,oracle,hybrid,5,eval_garden_project,eval_garden_project|eval_mountain_hike|eval_volunteer_library|eval_online_course|eval_cooking_class,1.0000,1,1.3190
synthetic-life-memories-v1,q_gardening,oracle,hybrid,10,eval_garden_project,eval_garden_project|eval_mountain_hike|eval_volunteer_library|eval_online_course|eval_cooking_class|eval_school_graduation|eval_house_move|eval_beach_trip|eval_train_trip|eval_school_entrance,1.0000,1,1.3190
synthetic-life-memories-v1,q_running,oracle,hybrid,3,eval_running_event,eval_running_event|eval_mountain_hike|eval_school_entrance,1.0000,1,1.2787
synthetic-life-memories-v1,q_running,oracle,hybrid,5,eval_running_event,eval_running_event|eval_mountain_hike|eval_school_entrance|eval_school_graduation|eval_first_job,1.0000,1,1.2787
synthetic-life-memories-v1,q_running,oracle,hybrid,10,eval_running_event,eval_running_event|eval_mountain_hike|eval_school_entrance|eval_school_graduation|eval_first_job|eval_cooking_class|eval_beach_trip|eval_house_move|eval_volunteer_library|eval_online_course,1.0000,1,1.2787
